Type,latitude,longitude,name,desc,precision,source
W,26.1331997,87.4581985,"Araria Sadar Hospital DH, Araria ","Basantpur, India",city/town,Bing Maps
W,26.1331997,87.4581985,"Araria Sadar PHC, Araria ","Basantpur, India",city/town,Bing Maps
W,25.9659271,87.1208954,"Bhargama PHC, Araria ","Bhargama, India",city/town,Bing Maps
W,26.2992001,87.2624969,"Forbesganj SDH, Araria ","Forbesganj, India",city/town,Bing Maps
W,26.1331997,87.4581985,"Jokihat Referral Hospital, Araria ","Basantpur, India",city/town,Bing Maps
W,26.3569889,87.4406128,"Kursakata PHC, Araria ","Kursakanta, India",city/town,Bing Maps
W,26.3386364,87.1034851,"Nartpatganj PHC, Araria ","Narpatganj, India",city/town,Bing Maps
W,26.2386971,87.5664291,"Palasi PHC, Araria ","Palasi, India",city/town,Bing Maps
W,26.1331997,87.4581985,"Raniganj Referral Hospital, Araria ","Basantpur, India",city/town,Bing Maps
W,26.3812447,87.5210037,"Sikti PHC, Araria ","Sikti, India",city/town,Bing Maps
W,25.2437401,84.663002,"Arwal PHC, Arwal ","Arwal, India",city/town,Bing Maps
W,25.2437401,84.663002,"Arwal Sadar Hospital DH, Arwal ","Arwal, India",city/town,Bing Maps
W,25.1505527,84.5303268,"Kaler PHC, Arwal ","Kaler, India",city/town,Bing Maps
W,25.1613026,84.7308502,"Karpi PHC, Arwal ","Karpi, India",city/town,Bing Maps
W,25.1227722,84.8127365,"Kurtha PHC, Arwal ","Kurtha, India",city/town,Bing Maps
W,25.2437401,84.663002,"Sonbhadra Bansi Suryapur PHC, Arwal ","Arwal, India",city/town,Bing Maps
W,24.8640747,84.2242126,"Barun PHC, Aurangabad ","Barun, India",city/town,Bing Maps
W,24.9275112,84.3999634,"Daudnagar PHC, Aurangabad ","Daudnagar, India",city/town,Bing Maps
W,24.6608181,84.4333572,"Deo PHC, Aurangabad ","Deo, India",city/town,Bing Maps
W,24.9803467,84.6539383,"Goh PHC, Aurangabad ","Goh, India",city/town,Bing Maps
W,25.0579472,84.5484848,"Haspura PHC, Aurangabad ","Haspura, India",city/town,Bing Maps
W,24.7530041,84.3733139,"Aurangabad PHC, Aurangabad ","Aurangabad, India",city/town,Bing Maps
W,24.6181164,84.2299118,"Kutumba PHC, Aurangabad ","Kutumba, India",city/town,Bing Maps
W,24.6575317,84.5829926,"Madanpur PHC, Aurangabad ","Madanpur, India",city/town,Bing Maps
W,24.644989,84.1358185,"Nabinagar PHC, Aurangabad ","Nabinagar, India",city/town,Bing Maps
W,24.7530041,84.3733139,"Naughrah APHC, Aurangabad ","Aurangabad, India",city/town,Bing Maps
W,24.8934669,84.3737335,"Obra PHC, Aurangabad ","Obra, India",Neighborhood,Bing Maps
W,24.7530041,84.3733139,"Rafganj PHC, Aurangabad ","Aurangabad, India",city/town,Bing Maps
W,25.0387001,86.9033966,"Amarpur PHC, Banka ","Amarpur, India",city/town,Bing Maps
W,24.8850002,86.9243011,"Banka DH, Banka ","Banka, India",city/town,Bing Maps
W,24.8850002,86.9243011,"Banka Sadar PHC, Banka ","Banka, India",city/town,Bing Maps
W,24.8853836,87.002861,"Barahat PHC, Banka ","Barahat, India",city/town,Bing Maps
W,24.8850002,86.9243011,"Baunsi PHC, Banka ","Banka, India",city/town,Bing Maps
W,24.9193211,86.5940399,"Belhar PHC, Banka ","Belhar, India",city/town,Bing Maps
W,24.730896,86.6361389,"Chandan PHC, Banka ","Chandan, India",city/town,Bing Maps
W,24.9844799,87.1348724,"Dhoraiya PHC, Banka ","Dhoraiya, India",city/town,Bing Maps
W,24.8850002,86.9243011,"Fullidumar PHC, Banka ","Banka, India",city/town,Bing Maps
W,24.8850002,86.9243011,"Katoriya RH, Banka ","Banka, India",city/town,Bing Maps
W,25.0083027,86.9894333,"Rajoun PHC, Banka ","Rajoun, India",city/town,Bing Maps
W,24.8850002,86.9243011,"Shambhuganj PHC, Banka ","Banka, India",city/town,Bing Maps
W,25.5763645,85.8911896,"Bachwara PHC, Begusarai ","Bachwara, India",Neighborhood,Bing Maps
W,25.4240417,86.1346817,"Bakhari PHC, Begusarai ","Begusarai, India",city/town,Bing Maps
W,25.4240417,86.1346817,"Baliya PHC, Begusarai ","Begusarai, India",city/town,Bing Maps
W,25.4629612,85.9881439,"Barauni PHC, Begusarai ","Barauni, India",city/town,Bing Maps
W,25.4240417,86.1346817,"Begusarai Sadar PHC, Begusarai ","Begusarai, India",city/town,Bing Maps
W,25.4240417,86.1346817,"Begusarai Urban UHC, Begusarai ","Begusarai, India",city/town,Bing Maps
W,25.5584774,85.9784088,"Bhagwanpur PHC, Begusarai ","Bhagwanpur, India",city/town,Bing Maps
W,25.5201187,86.0840378,"Birpur PHC, Begusarai ","Birpur, India",city/town,Bing Maps
W,25.4240417,86.1346817,"Cheriya Bariyarpur PHC, Begusarai ","Begusarai, India",city/town,Bing Maps
W,25.4240417,86.1346817,"Chhurahi PHC, Begusarai ","Begusarai, India",city/town,Bing Maps
W,25.4832077,86.2997284,"Dandari PHC, Begusarai ","Dandari, India",city/town,Bing Maps
W,25.6615734,86.1758881,"Garhpura PHC, Begusarai ","Garhpura, India",city/town,Bing Maps
W,25.6847992,86.0310669,"Khodawandpur PHC, Begusarai ","Khodawandpur, India",city/town,Bing Maps
W,25.4240417,86.1346817,"Mansoorchak PHC, Begusarai ","Begusarai, India",city/town,Bing Maps
W,25.3658752,86.1632767,"Matihani PHC, Begusarai ","Matihani, India",city/town,Bing Maps
W,25.4240417,86.1346817,"Nawkothi PHC, Begusarai ","Begusarai, India",city/town,Bing Maps
W,25.4306755,86.4032669,"Sahebpur Kamal PHC, Begusarai ","Sahebpur Kamal, India",city/town,Bing Maps
W,25.4240417,86.1346817,"Shamho PHC, Begusarai ","Begusarai, India",city/town,Bing Maps
W,25.4973354,85.9412689,"Teghra PHC, Begusarai ","Teghra, India",city/town,Bing Maps
W,25.3805542,86.9313202,"Bihpur PHC, Bhagalpur ","Bihpur, India",city/town,Bing Maps
W,25.3158112,87.1803207,"Gopalpur PHC, Bhagalpur ","Gopalpur, India",city/town,Bing Maps
W,25.144392,87.056778,"Goradih PHC, Bhagalpur ","Goradih, India",city/town,Bing Maps
W,25.1773949,86.9825287,"Jagdishpur PHC, Bhagalpur ","Jagdishpur, India",city/town,Bing Maps
W,25.2378445,87.0477295,"Kahalgaon PHC, Bhagalpur ","Bhagalpur, India",city/town,Bing Maps
W,25.3682175,87.0048447,"Kharik PHC, Bhagalpur ","Kharik, India",city/town,Bing Maps
W,25.2381878,86.9281158,"Nathnagar PHC, Bhagalpur ","Nathnagar, India",city/town,Bing Maps
W,25.2378445,87.0477295,"Jwahar Lal Nehru Medical College Hospital, Bhagalpur ","Bhagalpur, India",city/town,Bing Maps
W,25.3974628,86.8592758,"Narayanpur PHC, Bhagalpur ","Narayanpur, India",city/town,Bing Maps
W,25.3787003,87.1109009,"Naugachiya PHC, Bhagalpur ","Naugachhia, India",city/town,Bing Maps
W,25.3180771,87.4308929,"Pirpainti PHC, Bhagalpur ","Pirpainti, India",Neighborhood,Bing Maps
W,25.3849239,87.1941299,"Rangra PHC, Bhagalpur ","Rangra, India",Neighborhood,Bing Maps
W,25.2378445,87.0477295,"Sabour PHC, Bhagalpur ","Bhagalpur, India",city/town,Bing Maps
W,25.2378445,87.0477295,"Sahkund PHC, Bhagalpur ","Bhagalpur, India",city/town,Bing Maps
W,25.2378445,87.0477295,"Sanahulla PHC, Bhagalpur ","Bhagalpur, India",city/town,Bing Maps
W,25.2416,86.7341995,"Sultanganj PHC, Bhagalpur ","Sultanganj, India",city/town,Bing Maps
W,25.2378445,87.0477295,"Urban PHC, Bhagalpur ","Bhagalpur, India",city/town,Bing Maps
W,25.3765621,84.6153717,"Agiaon PHC, Bhojpur ","Agiaon, India",city/town,Bing Maps
W,25.6735172,84.6756134,"Barhara PHC, Bhojpur ","Barhara, India",city/town,Bing Maps
W,25.4716606,84.5423813,"Sadar PHC, Bhojpur ",Bhojpur,county/district,Bing Maps
W,25.5721092,84.4102402,"Bihiya PHC, Bhojpur ","Bihiya, India",city/town,Bing Maps
W,25.4716606,84.5423813,"Charpokhri PHC, Bhojpur ",Bhojpur,county/district,Bing Maps
W,25.4716606,84.5423813,"Garahani PHC, Bhojpur ",Bhojpur,county/district,Bing Maps
W,25.4678993,84.4197998,"Jagdishpur PHC, Bhojpur ","Jagdishpur, India",city/town,Bing Maps
W,25.4678993,84.4197998,"Jagdishpur SDH, Bhojpur ","Jagdishpur, India",city/town,Bing Maps
W,25.5692997,84.7926025,"Koilwar PHC, Bhojpur ","Koilwar, India",city/town,Bing Maps
W,25.5482559,84.661171,"Ara Urban, Bhojpur ","Arrah, India",city/town,Bing Maps
W,25.3311005,84.4029007,"Piro PHC, Bhojpur ","Piro, India",city/town,Bing Maps
W,25.2510147,84.6259232,"Sahar PHC, Bhojpur ","Sahar, India",city/town,Bing Maps
W,25.5993004,84.3993988,"Shahpur PHC, Bhojpur ","Shahpur, India",city/town,Bing Maps
W,25.4044991,84.7416077,"Sandesh PHC, Bhojpur ","Sandesh, India",city/town,Bing Maps
W,25.2074509,84.4083023,"Tarari PHC, Bhojpur ","Tarari, India",city/town,Bing Maps
W,25.5077953,84.621727,"Udwantnagar PHC, Bhojpur ","Udwantnagar, India",city/town,Bing Maps
W,25.5610027,83.9806976,"Buxar Sadar, Buxar ","Buxar, India",city/town,Bing Maps
W,25.6442032,84.2061081,"Chakki PHC, Buxar ","Chakki, India",city/town,Bing Maps
W,25.4807873,84.235466,"Chougain PHC, Buxar ","Chougain, India",city/town,Bing Maps
W,25.5610027,83.9806976,"Chousa PHC, Buxar ","Buxar, India",city/town,Bing Maps
W,25.5610027,83.9806976,"Dumraon PHC, Buxar ","Buxar, India",city/town,Bing Maps
W,25.4829273,84.0120316,"Itarhi PHC, Buxar ","Itarhi, India",city/town,Bing Maps
W,25.4278145,84.2425537,"Kesath PHC, Buxar ","Kesath, India",city/town,Bing Maps
W,25.3876019,84.2080002,"Nawanagar PHC, Buxar ","Nawanagar, India",city/town,Bing Maps
W,25.5977612,84.3028641,"Brahampur PHC, Buxar ","Brahampur, India",city/town,Bing Maps
W,25.3935947,83.9050217,"Rajpur PHC, Buxar ","Rajpur, India",city/town,Bing Maps
W,25.5610027,83.9806976,"Simari PHC, Buxar ","Buxar, India",city/town,Bing Maps
W,26.0718422,86.2531281,"Alinagar PHC, Darbhanga ","Alinagar, India",city/town,Bing Maps
W,26.1003132,85.9609909,"Bahadurpur PHC, Darbhanga ","Bahadurpur, India",city/town,Bing Maps
W,26.0833302,86.1500015,"Baheri PHC, Darbhanga ","Baheri Darbhanga, India",city/town,Bing Maps
W,26.0547428,86.1523819,"Benipur PHC, Darbhanga ","Benipur, India",city/town,Bing Maps
W,26.0547428,86.1523819,"Benipur SDH, Darbhanga ","Benipur, India",city/town,Bing Maps
W,25.9432297,86.2563095,"Biraul CHC, Darbhanga ","Biraul, India",city/town,Bing Maps
W,26.1885681,85.9498749,"Darbhanga Sadar PHC, Darbhanga ","Darbhanga Sadar, India",city/town,Bing Maps
W,26.0896397,85.8074722,"Gouraboraam PHC, Darbhanga ","Darbhanga, India",city/town,Bing Maps
W,26.0602646,86.3253326,"Ghanshyampur PHC, Darbhanga ","Ghanshyampur, India",city/town,Bing Maps
W,26.2426853,85.8945084,"Hanuman Nagar PHC, Darbhanga ","Hanuman Nagar, India",Neighborhood,Bing Maps
W,26.0388813,85.9133987,"Hayaghat PHC, Darbhanga ","Hayaghat, India",city/town,Bing Maps
W,26.0896397,85.8074722,"Jalley PHC, Darbhanga ","Darbhanga, India",city/town,Bing Maps
W,26.2603016,85.8990097,"Keoti PHC, Darbhanga ","Keoti, India",city/town,Bing Maps
W,25.9380875,86.1792526,"Kiratpur PHC, Darbhanga ","Kiratpur, India",city/town,Bing Maps
W,25.833786,86.2652283,"Kusheshwar Asthan PHC, Darbhanga ","Kusheshwar Asthan, India",city/town,Bing Maps
W,25.7813663,86.3041382,"Kusheshwar Asthan (East) PHC, Darbhanga ","Kusheshwar Asthan East, India",city/town,Bing Maps
W,26.1563492,85.8943176,"Darbhanga URBAN, Darbhanga ","Darbhanga, India",city/town,Bing Maps
W,26.2138538,86.1463699,"Manigachhi PHC, Darbhanga ","Manigachhi, India",city/town,Bing Maps
W,26.2321186,85.7517395,"Singwara PHC, Darbhanga ","Singhwara, India",city/town,Bing Maps
W,26.0896397,85.8074722,"Tardih PHC, Darbhanga ","Darbhanga, India",city/town,Bing Maps
W,26.9253025,84.9423599,"Adapur PHC, East Champaran ","Adapur, India",RailwayStation,Bing Maps
W,26.6256905,84.8985519,"Areraj PHC, East Champaran ","East Champaran, India",Neighborhood,Bing Maps
W,26.6256905,84.8985519,"Banjaria PHC, East Champaran ","East Champaran, India",Neighborhood,Bing Maps
W,26.6256905,84.8985519,"Bankatwa PHC, East Champaran ","East Champaran, India",Neighborhood,Bing Maps
W,26.6256905,84.8985519,"Chakia PHC, East Champaran ","East Champaran, India",Neighborhood,Bing Maps
W,26.6256905,84.8985519,"Chhauradano PHC, East Champaran ","East Champaran, India",Neighborhood,Bing Maps
W,26.6256905,84.8985519,"Chiraiya PHC, East Champaran ","East Champaran, India",Neighborhood,Bing Maps
W,26.6751995,85.1668015,"Dhaka PHC, East Champaran ","Dhaka, India",city/town,Bing Maps
W,26.6256905,84.8985519,"Ghorasahan PHC, East Champaran ","East Champaran, India",Neighborhood,Bing Maps
W,26.6256905,84.8985519,"Harsidhi PHC, East Champaran ","East Champaran, India",Neighborhood,Bing Maps
W,26.6256905,84.8985519,"Kalyanpur PHC, East Champaran ","East Champaran, India",Neighborhood,Bing Maps
W,26.6256905,84.8985519,"Kesariya PHC, East Champaran ","East Champaran, India",Neighborhood,Bing Maps
W,26.6256905,84.8985519,"Kotwa PHC, East Champaran ","East Champaran, India",Neighborhood,Bing Maps
W,26.6256905,84.8985519,"Madhuban PHC, East Champaran ","East Champaran, India",Neighborhood,Bing Maps
W,26.6256905,84.8985519,"Mehasi PHC, East Champaran ","East Champaran, India",Neighborhood,Bing Maps
W,26.6256905,84.8985519,"Motihari PHC, East Champaran ","East Champaran, India",Neighborhood,Bing Maps
W,26.6256905,84.8985519,"Motihari Urban, East Champaran ","East Champaran, India",Neighborhood,Bing Maps
W,26.6256905,84.8985519,"Pahadpur PHC, East Champaran ","East Champaran, India",Neighborhood,Bing Maps
W,26.6256905,84.8985519,"Pakadidayal PHC, East Champaran ","East Champaran, India",Neighborhood,Bing Maps
W,26.6256905,84.8985519,"Patahi PHC, East Champaran ","East Champaran, India",Neighborhood,Bing Maps
W,26.6256905,84.8985519,"Phenhara PHC, East Champaran ","East Champaran, India",Neighborhood,Bing Maps
W,26.6256905,84.8985519,"Piprakothi PHC, East Champaran ","East Champaran, India",Neighborhood,Bing Maps
W,26.6256905,84.8985519,"Ramgarhwa PHC, East Champaran ","East Champaran, India",Neighborhood,Bing Maps
W,26.9832993,84.8499985,"Raxaul PHC, East Champaran ","Raxaul, India",city/town,Bing Maps
W,26.6256905,84.8985519,"Sangrampur PHC, East Champaran ","East Champaran, India",Neighborhood,Bing Maps
W,26.7830009,84.7330017,"Sugauli PHC, East Champaran ","Sugauli, India",city/town,Bing Maps
W,26.6256905,84.8985519,"Tetriya PHC, East Champaran ","East Champaran, India",Neighborhood,Bing Maps
W,26.6256905,84.8985519,"Turkoliya PHC, East Champaran ","East Champaran, India",Neighborhood,Bing Maps
W,24.8216362,85.0353928,"A. N. Magadh Medical College Hospital, Gaya ","Gaya, India",city/town,Bing Maps
W,24.6249313,84.657135,"Amas PHC, Gaya ","Amar, India",city/town,Bing Maps
W,24.9138966,85.1884232,"Atri PHC, Gaya ","Atri, India",city/town,Bing Maps
W,24.8216362,85.0353928,"Bankey Bazar PHC, Gaya ","Gaya, India",city/town,Bing Maps
W,24.5013332,85.0164948,"Barachatti PHC, Gaya ","Barachatti, India",city/town,Bing Maps
W,24.9718914,84.9734497,"Belaganj PHC, Gaya ","Belaganj, India",city/town,Bing Maps
W,24.7924843,85.0077057,"Bodh Gaya PHC, Gaya ","Gaya, India",city/town,Bing Maps
W,24.5346088,84.9029617,"Dhobhi PHC, Gaya ","Dhobi, India",city/town,Bing Maps
W,24.4421577,84.3950272,"Dumariya PHC, Gaya ","Dumariya, India",city/town,Bing Maps
W,24.6078911,85.2459106,"Fatehpur PHC, Gaya ","Fatehpur, India",city/town,Bing Maps
W,24.8070316,84.7904282,"Guraru PHC, Gaya ","Guraru, India",city/town,Bing Maps
W,24.6705055,84.7744522,"Gurua PHC, Gaya ","Gurua, India",city/town,Bing Maps
W,24.4539318,84.5842438,"Imamganj PHC, Gaya ","Imamganj, India",city/town,Bing Maps
W,24.8216362,85.0353928,"Jay Prakash Narayana
Hospital, Gaya ","Gaya, India",city/town,Bing Maps
W,24.9607067,85.0886612,"Khezarsaari PHC, Gaya ","Khizarsarai, India",city/town,Bing Maps
W,24.926796,84.7700195,"Konch PHC, Gaya ","Konch, India",city/town,Bing Maps
W,24.8216362,85.0353928,"Manpur PHC, Gaya ","Manpur, India",Neighborhood,Bing Maps
W,24.5534668,85.0979233,"Mohanpur PHC, Gaya ","Mohanpur, India",city/town,Bing Maps
W,24.904211,85.3043213,"Mohra PHC, Gaya ","Mohra, India",city/town,Bing Maps
W,24.8216362,85.0353928,"Nagar Prakhand PHC, Gaya ","Gaya, India",city/town,Bing Maps
W,24.9858475,85.2635269,"Nimchak Bathanhi PHC, Gaya ","Bathani, India",city/town,Bing Maps
W,24.8133392,84.8428268,"Paraiya PHC, Gaya ","Paraiya, India",city/town,Bing Maps
W,24.8216362,85.0353928,"Prabhavati Lady Hospital, Gaya ","Gaya, India",city/town,Bing Maps
W,24.8216362,85.0353928,"Sherghati PHC, Gaya ","Gaya, India",city/town,Bing Maps
W,24.7022686,85.1318283,"Tankuppa PHC, Gaya ","Tankuppa, India",city/town,Bing Maps
W,24.939415,84.8293228,"Tekari PHC, Gaya ","Tekari, India",city/town,Bing Maps
W,24.7969589,85.2051239,"Wazirganj PHC, Gaya ","Wazirganj, India",city/town,Bing Maps
W,26.2821465,84.7684937,"Baikunthpur CHC, Gopalganj ","Baikunthpur, India",city/town,Bing Maps
W,26.3994999,84.5766983,"BARAULI PHC, Gopalganj ","Barauli, India",city/town,Bing Maps
W,26.4503288,84.1055145,"BHORE PHC, Gopalganj ","Bhore, India",Neighborhood,Bing Maps
W,26.4614487,83.9843521,"Bijayipur PHC, Gopalganj ","Bijaipur, India",Neighborhood,Bing Maps
W,26.4645252,84.4620209,"Gopalganj DH, Gopalganj ","Gopalganj, India",Neighborhood,Bing Maps
W,26.464222,84.4520035,"Gopalganj Sadar PHC, Gopalganj ","Gopalganj, India",city/town,Bing Maps
W,26.3639717,84.2970428,"Hathuwa PHC, Gopalganj ","Hathua, India",city/town,Bing Maps
W,26.3639717,84.2970428,"Hathuwa SDH, Gopalganj ","Hathua, India",city/town,Bing Maps
W,26.5681,84.0839005,"Kateya PHC, Gopalganj ","Kateya, India",city/town,Bing Maps
W,26.5584221,84.3266602,"Kuchaikote CHC, Gopalganj ","Kuchaikote, India",city/town,Bing Maps
W,26.4030132,84.4951553,"Manjha CHC, Gopalganj ","Manjha, India",city/town,Bing Maps
W,26.464222,84.4520035,"Panchadeori PHC, Gopalganj ","Gopalganj, India",city/town,Bing Maps
W,26.4568634,84.2197342,"Phulwariya PHC, Gopalganj ","Phulwariya, India",city/town,Bing Maps
W,26.464222,84.4520035,"SIDHWALIYA PHC, Gopalganj ","Gopalganj, India",city/town,Bing Maps
W,26.464222,84.4520035,"THAWE PHC, Gopalganj ","Gopalganj, India",city/town,Bing Maps
W,26.464222,84.4520035,"Uchakagaon CHC, Gopalganj ","Gopalganj, India",city/town,Bing Maps
W,24.9452763,85.9279404,"Aliganj PHC, Jamui ","Aliganj, India",Neighborhood,Bing Maps
W,25.0164242,86.2948914,"Barhat PHC, Jamui ","Barhat, India",city/town,Bing Maps
W,24.9293995,86.2274017,"Chakai PHC, Jamui ","Jamui, India",city/town,Bing Maps
W,24.858078,86.3006439,"Gidhour PHC, Jamui ","Gidhour, India",city/town,Bing Maps
W,24.9293995,86.2274017,"Jamui Sadar Hospital DH, Jamui ","Jamui, India",city/town,Bing Maps
W,24.9293995,86.2274017,"Jamui Urban PHC, Jamui ","Jamui, India",city/town,Bing Maps
W,24.7895927,86.4434128,"Jhajha PHC, Jamui ","Jhajha, India",city/town,Bing Maps
W,24.8741093,86.1909637,"Khaira PHC, Jamui ","Khaira, India",city/town,Bing Maps
W,24.9649849,86.4082565,"Laxmipur PHC, Jamui ","Laxmipur, India",city/town,Bing Maps
W,24.9547367,86.0371246,"Sikandra PHC, Jamui ","Sikandra, India",city/town,Bing Maps
W,24.7339306,86.3066864,"Sono PHC, Jamui ","Sono, India",city/town,Bing Maps
W,25.2242966,84.9902039,"Ghoshi PHC, Jehanabad ","Jehanabad, India",city/town,Bing Maps
W,25.085165,85.148735,"Hulashganj PHC, Jehanabad ","Hulasganj, India",city/town,Bing Maps
W,25.2242966,84.9902039,"Jehanabad Sadar Hospital, Jehanabad ","Jehanabad, India",city/town,Bing Maps
W,25.2288704,85.062149,"Kako PHC, Jehanabad ","Kako, India",city/town,Bing Maps
W,25.0666008,84.9713974,"Makhdumpur PHC, Jehanabad ","Makhdumpur, India",city/town,Bing Maps
W,25.2242966,84.9902039,"Okari PHC, Jehanabad ","Jehanabad, India",city/town,Bing Maps
W,25.1668472,84.8778,"Ratni Faridpur PHC, Jehanabad ","Ratni Faridpur, India",city/town,Bing Maps
W,25.2242966,84.9902039,"Sikariyan PHC, Jehanabad ","Jehanabad, India",city/town,Bing Maps
W,24.6971493,83.6103745,"Adhaura PHC, Kaimur ","Adhaura, India",city/town,Bing Maps
W,25.0405903,83.6124115,"Bhabua Urban, Kaimur ","Kaimur district, India",city/town,Bing Maps
W,24.9627514,83.6081848,"Bhagwanpur PHC, Kaimur ","Kaimur, India",Neighborhood,Bing Maps
W,24.5858765,84.4207687,"Chainpur PHC, Kaimur ","Chainpur, India",city/town,Bing Maps
W,25.1146698,83.3983383,"Chand PHC, Kaimur ","Chand, India",city/town,Bing Maps
W,25.2147923,83.5154114,"Durgawati PHC, Kaimur ","Durgawati, India",city/town,Bing Maps
W,25.0405903,83.6124115,"Bhabua PHC, Kaimur ","Kaimur district, India",city/town,Bing Maps
W,24.9627514,83.6081848,"Kaimur DH, Kaimur ","Kaimur, India",Neighborhood,Bing Maps
W,25.1227722,83.7677765,"Kudra PHC, Kaimur ","Kudra, India",city/town,Bing Maps
W,25.1655636,83.6241379,"Mohaniya PHC, Kaimur ","Mohania, India",city/town,Bing Maps
W,25.3649235,83.7398376,"Nuaon PHC, Kaimur ","Nuaon, India",city/town,Bing Maps
W,25.2962303,83.6611481,"Ramgarh PHC, Kaimur ","Ramgarh, India",city/town,Bing Maps
W,24.924181,83.7127304,"Rampur PHC, Kaimur ","Rampur, India",city/town,Bing Maps
W,25.2996597,87.7974472,"Amdabad PHC, Katihar ","Amdabad, India",city/town,Bing Maps
W,25.5457764,87.8312607,"Azamnagar PHC, Katihar ","Azamnagar, India",city/town,Bing Maps
W,25.8111153,87.8759384,"Balrampur APHC, Katihar ","Balrampur, India",city/town,Bing Maps
W,25.4982109,87.3779984,"Barari PHC, Katihar ","Barari, India",city/town,Bing Maps
W,25.6261406,87.9160995,"Barsoi PHC, Katihar ","Barsoi, India",city/town,Bing Maps
W,25.547905,87.5638809,"Beliya Belon PHC, Katihar ","Katihar, India",city/town,Bing Maps
W,25.547905,87.5638809,"Dhandkhora PHC, Katihar ","Katihar, India",city/town,Bing Maps
W,25.6336708,87.2776718,"Falka PHC, Katihar ","Falka, India",city/town,Bing Maps
W,25.6563377,87.6135712,"Hasanganj PHC, Katihar ","Hasanganj, India",city/town,Bing Maps
W,25.6438332,87.7373047,"Kadawa PHC, Katihar ","Kadwa, India",city/town,Bing Maps
W,25.5835342,87.5504913,"Katihar Medical College, Katihar ","Katihar Medical College, India",HigherEducationFacility,Bing Maps
W,25.547905,87.5638809,"Katihar Railway Hospital, Katihar ","Katihar, India",city/town,Bing Maps
W,25.547905,87.5638809,"Katihar Sadar Hospital DH, Katihar ","Katihar, India",city/town,Bing Maps
W,25.547905,87.5638809,"Katihar PHC, Katihar ","Katihar, India",city/town,Bing Maps
W,25.6177731,87.4178619,"Korha PHC, Katihar ","Korha, India",city/town,Bing Maps
W,25.451231,87.25383,"Kursela PHC, Katihar ","Kursela, India",city/town,Bing Maps
W,25.547905,87.5638809,"Manihari PHC, Katihar ","Katihar, India",city/town,Bing Maps
W,25.547905,87.5638809,"Manihari Referral Hospital, Katihar ","Katihar, India",city/town,Bing Maps
W,25.4736176,87.5723572,"Mansahi PHC, Katihar ","Mansahi, India",city/town,Bing Maps
W,25.474493,87.7205734,"Pranpur PHC, Katihar ","Pranpur, India",city/town,Bing Maps
W,25.5275669,87.2741776,"Sameli PHC, Katihar ","Sameli, India",city/town,Bing Maps
W,25.547905,87.5638809,"Shalmari APHC, Katihar ","Katihar, India",city/town,Bing Maps
W,25.8111153,87.8759384,"Balrampur PHC, Katihar ","Balrampur, India",city/town,Bing Maps
W,25.6430035,86.4079742,"Alauli PHC, Khagaria ","Alauli, India",city/town,Bing Maps
W,25.5996418,86.7878189,"Beldaur PHC, Khagaria ","Beldaur, India",city/town,Bing Maps
W,25.5056992,86.4672012,"Gogari CHC, Khagaria ","Khagaria, India",city/town,Bing Maps
W,25.5056992,86.4672012,"Khagaria PHC, Khagaria ","Khagaria, India",city/town,Bing Maps
W,25.5443554,86.6517029,"Chautham PHC, Khagaria ","Chautham, India",city/town,Bing Maps
W,25.5056992,86.4672012,"Prawatta PHC, Khagaria ","Khagaria, India",city/town,Bing Maps
W,25.5074959,86.550148,"Mansi PHC, Khagaria ","Mansi, India",city/town,Bing Maps
W,26.2607002,87.8246002,"Bahadurganj PHC, Kishanganj ","Bahadurganj, India",city/town,Bing Maps
W,26.0978012,87.9486008,"Chatargachh Referral Hospital, Kishanganj ","Kishanganj, India",city/town,Bing Maps
W,26.432888,87.8655396,"Dighalbank PHC, Kishanganj ","Dighalbank, India",city/town,Bing Maps
W,26.0978012,87.9486008,"Kishanganj DH, Kishanganj ","Kishanganj, India",city/town,Bing Maps
W,26.0978012,87.9486008,"MGM Medical College &
Hospital Kishanganj, Kishanganj ","Kishanganj, India",city/town,Bing Maps
W,26.0978012,87.9486008,"Kishanganj Belva PHC, Kishanganj ","Kishanganj, India",city/town,Bing Maps
W,26.0978012,87.9486008,"Kochadaman PHC, Kishanganj ","Kishanganj, India",city/town,Bing Maps
W,26.3148308,88.1771317,"Pothiya PHC, Kishanganj ","Pothia, India",city/town,Bing Maps
W,26.3822994,87.6890717,"Terhagchh PHC, Kishanganj ","Terhagachh, India",city/town,Bing Maps
W,26.0978012,87.9486008,"Thakurganj PHC, Kishanganj ","Kishanganj, India",city/town,Bing Maps
W,25.2840996,86.0182037,"Barahiya PHC, Lakhisarai ","Barahiya, India",city/town,Bing Maps
W,25.1677799,86.0944366,"Ghosaith APHC, Lakhisarai ","Lakhisarai, India",city/town,Bing Maps
W,25.033802,86.0536499,"Halsi PHC, Lakhisarai ","Halsi, India",city/town,Bing Maps
W,25.1716995,86.094101,"Lakhisarai PHC, Lakhisarai ","Lakhisarai, India",Neighborhood,Bing Maps
W,25.1677799,86.0944366,"Lakhisarai Sadar Hospital DH, Lakhisarai ","Lakhisarai, India",city/town,Bing Maps
W,25.1725254,86.1989365,"Pipairya PHC, Lakhisarai ","Pipariya, India",city/town,Bing Maps
W,25.2962303,83.6611481,"Ramgarh PHC, Lakhisarai ","Ramgarh, India",city/town,Bing Maps
W,25.2404633,86.2197495,"Surajgraha PHC, Lakhisarai ","Surajgarha, India",city/town,Bing Maps
W,25.5661678,86.8980331,"Alamnagar PHC, Madhepura ","Alamnagar, India",city/town,Bing Maps
W,25.9193001,86.7902985,"Bihariganj PHC, Madhepura ","Madhepura, India",city/town,Bing Maps
W,25.9193001,86.7902985,"Chausa PHC, Madhepura ","Madhepura, India",city/town,Bing Maps
W,26.0541954,86.7284241,"Gamhariya PHC, Madhepura ","Gamhariya, India",city/town,Bing Maps
W,25.9193001,86.7902985,"Ghailadh PHC, Madhepura ","Madhepura, India",city/town,Bing Maps
W,25.7687302,86.9037399,"Gwalpara PHC, Madhepura ","Gwalpara, India",city/town,Bing Maps
W,26.0139885,86.972702,"Kumarkhand PHC, Madhepura ","Kumarkhand, India",city/town,Bing Maps
W,25.9193001,86.7902985,"Madhepura Sadar Hospital, Madhepura ","Madhepura, India",city/town,Bing Maps
W,25.9193001,86.7902985,"Majhora APHC, Madhepura ","Madhepura, India",city/town,Bing Maps
W,25.8825512,86.8550644,"Murho PHC, Madhepura ","Murho, India",Neighborhood,Bing Maps
W,25.8972034,86.9945297,"Murliganj PHC, Madhepura ","Murliganj, India",city/town,Bing Maps
W,25.9193001,86.7902985,"Phulot APHC, Madhepura ","Madhepura, India",city/town,Bing Maps
W,25.6007786,86.995697,"Puraini PHC, Madhepura ","Puraini, India",city/town,Bing Maps
W,26.0216904,86.8660965,"Sankarpur PHC, Madhepura ","Shankarpur, India",city/town,Bing Maps
W,25.9860668,86.7932663,"Singheshar PHC, Madhepura ","Singheshwar, India",city/town,Bing Maps
W,25.9193001,86.7902985,"Udakisananganj PHC, Madhepura ","Madhepura, India",city/town,Bing Maps
W,26.3488998,86.0771027,"Andhrathari RH, Madhubani ","Madhubani, India",city/town,Bing Maps
W,26.4589577,86.3022003,"Babubarhi PHC, Madhubani ","Babubarhi, India",city/town,Bing Maps
W,26.568161,86.0022964,"Basopatti PHC, Madhubani ","Basopatti, India",city/town,Bing Maps
W,26.4448738,85.9077225,"Benipatti PHC, Madhubani ","Benipatti, India",city/town,Bing Maps
W,26.3241596,85.8838196,"Bisf PHC, Madhubani ","Bisfi, India",city/town,Bing Maps
W,26.2828007,86.4685974,"Ghoghardiha PHC, Madhubani ","Ghoghardiha, India",city/town,Bing Maps
W,26.6342907,85.983429,"Harlakhi PHC, Madhubani ","Harlakhi, India",city/town,Bing Maps
W,26.5902004,86.1360016,"Jainagar PHC, Madhubani ","Jainagar, India",city/town,Bing Maps
W,26.2665005,86.2815018,"Jhanjharpur PHC, Madhubani ","Jhanjarpur, India",city/town,Bing Maps
W,26.464283,86.0624161,"Kaluahi PHC, Madhubani ","Kaluahi, India",city/town,Bing Maps
W,26.4816322,86.15905,"Khajauli PHC, Madhubani ","Khjauli, India",city/town,Bing Maps
W,26.5068283,86.3990402,"Khutauna PHC, Madhubani ","Khutauna, India",Neighborhood,Bing Maps
W,26.5592537,86.2982788,"Ladania PHC, Madhubani ","Ladaniya, India",city/town,Bing Maps
W,26.2125626,86.3206482,"Lakhnaur PHC, Madhubani ","Lakhnaur, India",city/town,Bing Maps
W,26.4752712,86.5606308,"Laukahi PHC, Madhubani ","Laukahi, India",city/town,Bing Maps
W,26.1782265,86.3759155,"Madhepur PHC, Madhubani ","Madhepur, India",city/town,Bing Maps
W,26.3488998,86.0771027,"Madhubani Urban, Madhubani ","Madhubani, India",city/town,Bing Maps
W,26.6111546,85.8452988,"Madhwapur PHC, Madhubani ","Madhwapur, India",city/town,Bing Maps
W,26.2529106,86.0730591,"Pandaul RH, Madhubani ","Pandaul, India",city/town,Bing Maps
W,26.3582439,86.4928741,"Phulparas RH, Madhubani ","Phulparas, India",city/town,Bing Maps
W,26.3488998,86.0771027,"Rahika PHC, Madhubani ","Madhubani, India",city/town,Bing Maps
W,26.3964214,86.1573944,"Rajnagar PHC, Madhubani ","Raj Nagar, India",city/town,Bing Maps
W,25.1478004,86.6911011,"Asarganj PHC, Munger ","Asarganj, India",city/town,Bing Maps
W,25.2999401,86.5697632,"Bariarpur PHC, Munger ","Bariarpur, India",Neighborhood,Bing Maps
W,25.2276649,86.4448929,"Dharhara PHC, Munger ","Dharhara, India",city/town,Bing Maps
W,25.3142738,86.4921265,"Jamalpur Rural PHC, Munger ","Jamalpur, India",city/town,Bing Maps
W,25.1243362,86.5248489,"Kharagpur PHC, Munger ","Kharagpur, India",city/town,Bing Maps
W,25.3867664,86.4658813,"Munger Urban, Munger ","Munger, India",city/town,Bing Maps
W,25.3867664,86.4658813,"Munger Sadar PHC, Munger ","Munger, India",city/town,Bing Maps
W,24.9509754,86.5900955,"Sangrampur PHC, Munger ","Sangrampur, India",city/town,Bing Maps
W,25.0970612,86.6659317,"Tarapur PHC, Munger ","Tarapur, India",city/town,Bing Maps
W,25.3867664,86.4658813,"Tetiya Bamber PHC, Munger ","Munger, India",city/town,Bing Maps
W,26.3162823,85.5647125,"Aurai PHC, Muzaffarpur ","Aurai, India",city/town,Bing Maps
W,26.1408863,85.3574905,"Bochaha PHC, Muzaffarpur ","Muzaffarpur, India",city/town,Bing Maps
W,26.1398354,85.6413116,"Gayghat PHC, Muzaffarpur ","Gaighat, India",city/town,Bing Maps
W,26.2073002,85.2940979,"Kanti PHC, Muzaffarpur ","Kanti, India",city/town,Bing Maps
W,26.2213821,85.6389236,"Katra PHC, Muzaffarpur ","Katra, India",city/town,Bing Maps
W,26.1408863,85.3574905,"Kudhani PHC, Muzaffarpur ","Muzaffarpur, India",city/town,Bing Maps
W,26.1127796,85.2493134,"Marwan PHC, Muzaffarpur ","Marwan, India",city/town,Bing Maps
W,26.2782211,85.3322906,"Minapur PHC, Muzaffarpur ","Minapur, India",city/town,Bing Maps
W,26.2553997,85.1651001,"Motipur PHC, Muzaffarpur ","Motipur, India",city/town,Bing Maps
W,26.0189857,85.5506897,"Muraul PHC, Muzaffarpur ","Muraul, India",city/town,Bing Maps
W,25.9967365,85.5745163,"Mushari PHC, Muzaffarpur ","Mushari, India",Neighborhood,Bing Maps
W,26.1227207,85.3786316,"Sadar Hospital Muzaffarpur DH, Muzaffarpur ","Muzaffarpur, India",Neighborhood,Bing Maps
W,26.1408863,85.3574905,"Sri Krishna Medical College and Hospital, Muzaffarpur ","Muzaffarpur, India",city/town,Bing Maps
W,26.1227207,85.3786316,"Urban Muzaffarpur, Muzaffarpur ","Muzaffarpur, India",Neighborhood,Bing Maps
W,26.0937862,85.0725098,"Paroo PHC, Muzaffarpur ","Paroo, India",city/town,Bing Maps
W,26.2541695,84.9446411,"Sahebganj PHC, Muzaffarpur ","Sahebganj, India",city/town,Bing Maps
W,25.9585991,85.5317764,"Sakra PHC, Muzaffarpur ","Sakra, India",city/town,Bing Maps
W,26.0228252,85.1529694,"Saraiya PHC, Muzaffarpur ","Saraiya, India",city/town,Bing Maps
W,25.2239323,85.630394,"Asthawan PHC, Nalanda ","Asthawan, India",city/town,Bing Maps
W,25.1519585,85.3622208,"Ben PHC, Nalanda ","Ben, India",city/town,Bing Maps
W,25.1282902,85.4502258,"Biharsharif urban PHC, Nalanda ","Nalanda, India",city/town,Bing Maps
W,25.3245277,85.4044189,"Chandi PHC, Nalanda ","Chandi, India",city/town,Bing Maps
W,25.2289562,85.2309647,"Ekangarsarai PHC, Nalanda ","Ekangarsarai, India",city/town,Bing Maps
W,25.1282902,85.4502258,"Giriyak PHC, Nalanda ","Nalanda, India",city/town,Bing Maps
W,25.3171997,85.2770996,"Hilsa PHC, Nalanda ","Hilsa, India",city/town,Bing Maps
W,25.1413994,85.2032013,"Islampur PHC, Nalanda ","Islampur, India",city/town,Bing Maps
W,25.1282902,85.4502258,"Karaiparsurai PHC, Nalanda ","Nalanda, India",city/town,Bing Maps
W,25.0671272,85.600647,"Katrisarai PHC, Nalanda ","Katrisarai, India",city/town,Bing Maps
W,25.3038769,85.6847382,"Bind PHC, Nalanda ","Bind, India",city/town,Bing Maps
W,25.1282902,85.4502258,"Nagarnausa PHC, Nalanda ","Nalanda, India",city/town,Bing Maps
W,25.3681068,85.5317001,"Harnaut PHC, Nalanda ","Harnaut, India",city/town,Bing Maps
W,25.2754059,85.4556427,"Noorsarai PHC, Nalanda ","Noorsarai, India",city/town,Bing Maps
W,25.2088184,85.3684158,"Parwalpur PHC, Nalanda ","Parwalpur, India",Neighborhood,Bing Maps
W,25.3117428,85.5753021,"Rahui PHC, Nalanda ","Rahui, India",city/town,Bing Maps
W,25.0319004,85.4163971,"Rajgir PHC, Nalanda ","Rajgir, India",city/town,Bing Maps
W,25.1282902,85.4502258,"Biharsharif sadar PHC, Nalanda ","Nalanda, India",city/town,Bing Maps
W,25.2552319,85.8005066,"Sarmera PHC, Nalanda ","Sarmera, India",city/town,Bing Maps
W,25.1282902,85.4502258,"Silao PHC, Nalanda ","Nalanda, India",city/town,Bing Maps
W,25.2947197,85.3965607,"Tharthari PHC, Nalanda ","Tharthari, India",city/town,Bing Maps
W,24.7355785,85.5336914,"Akbarpur PHC, Nawada ","Akbarpur, India",city/town,Bing Maps
W,24.7516804,85.6547928,"GovindPur PHC, Nawada ","Govindpur, India",city/town,Bing Maps
W,24.8770924,85.5374908,"Hisua PHC, Nawada ","Nawada, India",city/town,Bing Maps
W,24.8770924,85.5374908,"Kasichak PHC, Nawada ","Nawada, India",city/town,Bing Maps
W,24.8249474,85.8995819,"Kawakol PHC, Nawada ","Kawakol, India",city/town,Bing Maps
W,24.8770924,85.5374908,"Meskour PHC, Nawada ","Nawada, India",city/town,Bing Maps
W,24.9381466,85.4309387,"Nardiganj PHC, Nawada ","Nardiganj, India",city/town,Bing Maps
W,24.7753105,85.4258118,"Narhat PHC, Nawada ","Narhat, India",city/town,Bing Maps
W,24.8770924,85.5374908,"Nawada Sadar Hospital DH, Nawada ","Nawada, India",city/town,Bing Maps
W,24.8770924,85.5374908,"Sadar Block PHC, Nawada ","Nawada, India",city/town,Bing Maps
W,24.9543686,85.7360458,"Pakribrawan PHC, Nawada ","Pakribarawan, India",city/town,Bing Maps
W,24.8770924,85.5374908,"Rajauli PHC, Nawada ","Nawada, India",city/town,Bing Maps
W,24.8899994,85.6764603,"Roh PHC, Nawada ","Roh, India",city/town,Bing Maps
W,24.6538982,85.4063034,"Sirdala PHC, Nawada ","Sirdala, India",city/town,Bing Maps
W,25.0132999,85.6390991,"Warisaliganj PHC, Nawada ","Warisaliganj, India",city/town,Bing Maps
W,25.4592819,85.6093521,"Athmalgola PHC, Patna ","Athmalgola, India",city/town,Bing Maps
W,25.4601002,85.5401993,"Bakhtiyarpur PHC, Patna ","Bakhtiyarpur, India",city/town,Bing Maps
W,25.553194,85.0747452,"Barh PHC, Patna ","Patna, India",city/town,Bing Maps
W,25.553194,85.0747452,"Belchi PHC, Patna ","Patna, India",city/town,Bing Maps
W,25.5633831,84.8700409,"Bihta PHC, Patna ","Bihta, India",city/town,Bing Maps
W,25.4463749,84.8626633,"Bikram PHC, Patna ","Bikram, India",city/town,Bing Maps
W,25.6392517,85.0489197,"Danapur PHC, Patna ","Danapur, India",city/town,Bing Maps
W,25.553194,85.0747452,"Daniyawan PHC, Patna ","Patna, India",city/town,Bing Maps
W,25.3576775,85.129303,"Dhanarua PHC, Patna ","Dhanarua, India",city/town,Bing Maps
W,25.3819675,84.8580246,"Dulhinbazar PHC, Patna ","Dulhin Bazar, India",Neighborhood,Bing Maps
W,25.507,85.310997,"Fatuha PHC, Patna ","Fatwah, India",city/town,Bing Maps
W,25.606842,85.1237564,"Gardanibagh UHC, Patna ","Gardanibagh, India",Neighborhood,Bing Maps
W,25.5862541,85.2296524,"GGS Patna City UHC, Patna ","Patna City Outer, India",Neighborhood,Bing Maps
W,25.4677677,85.4953003,"Ghoswari PHC, Patna ","Ghoswari, India",Neighborhood,Bing Maps
W,25.553194,85.0747452,"Gulzarbagh Dispensary UHC, Patna ","Patna, India",city/town,Bing Maps
W,25.553194,85.0747452,"Jai Prabha UHC, Patna ","Patna, India",city/town,Bing Maps
W,25.553194,85.0747452,"Kankarbagh Dispensary UHC, Patna ","Patna, India",city/town,Bing Maps
W,25.4853001,85.3878021,"Khushrupur PHC, Patna ","Khusrupur, India",city/town,Bing Maps
W,25.6476994,84.8853989,"Maner PHC, Patna ","Maner, India",city/town,Bing Maps
W,25.553194,85.0747452,"Marufganj Dispensary UHC, Patna ","Patna, India",city/town,Bing Maps
W,25.3579063,85.0387955,"Masaurhi PHC, Patna ","Masaurhi, India",city/town,Bing Maps
W,25.3939266,85.9287033,"Mokama PHC, Patna ","Mokama, India",city/town,Bing Maps
W,25.4997387,84.9609222,"Naubatpur PHC, Patna ","Naubatpur, India",city/town,Bing Maps
W,25.60558,85.12821,"New Gardiner Road UHC, Patna ","Gardiner Road, Patna, Bihar, 800028",street,Bing Maps
W,25.3312836,84.8001404,"Paliganj PHC, Patna ","Paliganj, India",city/town,Bing Maps
W,25.4821568,85.8030853,"Pandarak PHC, Patna ","Pandarak, India",city/town,Bing Maps
W,25.553194,85.0747452,"NMCH, Patna ","Patna, India",city/town,Bing Maps
W,25.553194,85.0747452,"PMCH, Patna ","Patna, India",city/town,Bing Maps
W,25.5913963,85.1757126,"Patna Sadar PHC, Patna ","Patna Sadar, India",city/town,Bing Maps
W,25.5542717,85.0725021,"Phulwarisharif PHC, Patna ","Phulwari Sharif, India",Neighborhood,Bing Maps
W,25.4883518,85.0999832,"Punpun PHC, Patna ","Punpun, India",city/town,Bing Maps
W,25.6090698,85.1099701,"Rajbanshi Nagar UHC, Patna ","Rajbansi Nagar, India",Neighborhood,Bing Maps
W,25.553194,85.0747452,"Rajendra Nagar UHC, Patna ","Patna, India",city/town,Bing Maps
W,25.5407829,85.1751709,"Sampatchak PHC, Patna ","Sampatchak, India",city/town,Bing Maps
W,25.553194,85.0747452,"Barh SDH, Patna ","Patna, India",city/town,Bing Maps
W,25.6392517,85.0489197,"Danapur SDH, Patna ","Danapur, India",city/town,Bing Maps
W,25.3579063,85.0387955,"Masaurhi SDH, Patna ","Masaurhi, India",city/town,Bing Maps
W,25.7279453,87.5151672,"Amour Referral Hospital, Purnia ","Purnia, India",city/town,Bing Maps
W,25.7279453,87.5151672,"Baisa PHC, Purnia ","Purnia, India",city/town,Bing Maps
W,25.7279453,87.5151672,"Baisee PHC, Purnia ","Purnia, India",city/town,Bing Maps
W,25.7279453,87.5151672,"Banmankhi SDH, Purnia ","Purnia, India",city/town,Bing Maps
W,25.7279453,87.5151672,"Barhara Kothi PHC, Purnia ","Purnia, India",city/town,Bing Maps
W,25.7279453,87.5151672,"Bhawanipur PHC, Purnia ","Purnia, India",city/town,Bing Maps
W,25.7279453,87.5151672,"Dagarua PHC, Purnia ","Purnia, India",city/town,Bing Maps
W,25.7279453,87.5151672,"Dhamdaha Referral Hospital, Purnia ","Purnia, India",city/town,Bing Maps
W,25.7279453,87.5151672,"Jalalgarh PHC, Purnia ","Purnia, India",city/town,Bing Maps
W,25.7279453,87.5151672,"Jankinagar APHC, Purnia ","Purnia, India",city/town,Bing Maps
W,25.8500004,87.5500031,"Kasba PHC, Purnia ","Kasba, India",city/town,Bing Maps
W,25.7279453,87.5151672,"Krityanand Nagar PHC, Purnia ","Purnia, India",city/town,Bing Maps
W,25.7279453,87.5151672,"Mohanpur APHC, Purnia ","Purnia, India",city/town,Bing Maps
W,25.7279453,87.5151672,"Sadar Hospital DH, Purnia ","Purnia, India",city/town,Bing Maps
W,25.7279453,87.5151672,"Purnia East Rural PHC, Purnia ","Purnia, India",city/town,Bing Maps
W,25.7279453,87.5151672,"Purnia East Urban PHC, Purnia ","Purnia, India",city/town,Bing Maps
W,25.7279453,87.5151672,"Rupauli Referral Hospital, Purnia ","Purnia, India",city/town,Bing Maps
W,25.7279453,87.5151672,"Sarsi PHC, Purnia ","Purnia, India",city/town,Bing Maps
W,25.9148827,87.3971558,"Shrinagar PHC, Purnia ","Srinagar, India",city/town,Bing Maps
W,24.6244164,83.9179001,"Akori Gola PHC, Rohtas ","Rohtas, India",city/town,Bing Maps
W,24.6244164,83.9179001,"Bikramganj PHC, Rohtas ","Rohtas, India",city/town,Bing Maps
W,24.9171944,83.7902832,"Chenari PHC, Rohtas ","Chenari, India",city/town,Bing Maps
W,25.3247757,84.2359085,"Dawath PHC, Rohtas ","Dawath, India",city/town,Bing Maps
W,24.9142685,84.1861649,"Dehri PHC, Rohtas ","Dehri, India",city/town,Bing Maps
W,25.2438068,84.0657272,"Dinara PHC, Rohtas ","Dinara, India",city/town,Bing Maps
W,25.1794548,84.2853012,"Karakat PHC, Rohtas ","Karakat, India",city/town,Bing Maps
W,25.1051922,83.930954,"Kargahar PHC, Rohtas ","Kargahar, India",city/town,Bing Maps
W,25.2314377,83.9203873,"Kochas PHC, Rohtas ","Kochas, India",city/town,Bing Maps
W,24.6244164,83.9179001,"Nasriganj PHC, Rohtas ","Rohtas, India",city/town,Bing Maps
W,24.5493336,83.8166428,"Nauhatta PHC, Rohtas ","Nauhatta, India",city/town,Bing Maps
W,25.1026993,84.1230011,"Nokha PHC, Rohtas ","Nokha, India",city/town,Bing Maps
W,25.0746517,84.2075806,"Rajpur PHC, Rohtas ","Rajpur, India",city/town,Bing Maps
W,24.6244164,83.9179001,"Rohtas PHC, Rohtas ","Rohtas, India",city/town,Bing Maps
W,25.1429157,84.1834259,"Sanjhauli PHC, Rohtas ","Sanjhauli, India",city/town,Bing Maps
W,24.9421539,84.0016785,"Sasaram PHC, Rohtas ","Rohtas, India",Neighborhood,Bing Maps
W,24.9731655,83.9074402,"Sheosagar PHC, Rohtas ","Sheosagar, India",city/town,Bing Maps
W,25.2574806,84.2291946,"Suryapura PHC, Rohtas ","Suryapura, India",city/town,Bing Maps
W,24.8098965,84.0844345,"Tilouthu PHC, Rohtas ","Tilouthu, India",city/town,Bing Maps
W,25.8529835,86.5627899,"Banma Itahari PHC, Saharsa ","Saharsa, India",city/town,Bing Maps
W,25.8529835,86.5627899,"Saharsa Sadar PHC, Saharsa ","Saharsa, India",city/town,Bing Maps
W,25.8536396,86.4698486,"Mahishi PHC, Saharsa ","Mahishi, India",city/town,Bing Maps
W,25.999157,86.4918289,"Nauhatta PHC, Saharsa ","Nauhatta, India",city/town,Bing Maps
W,25.8529835,86.5627899,"Panchgachhiya PHC, Saharsa ","Saharsa, India",city/town,Bing Maps
W,25.821455,86.7947998,"Patarghat PHC, Saharsa ","Patarghat, India",city/town,Bing Maps
W,25.8744621,86.5930634,"Saharsa Urban PHC, Saharsa ","Saharsa, India",Neighborhood,Bing Maps
W,25.6686459,86.5978165,"Salkhua PHC, Saharsa ","Salkhua, India",city/town,Bing Maps
W,25.7222214,86.5905762,"Simari Bakhtiyarpur PHC, Saharsa ","Simri Bakhtiyarpur, India",city/town,Bing Maps
W,25.7069263,86.7379837,"Sonbarsa PHC, Saharsa ","Sonbarsa, India",city/town,Bing Maps
W,25.8529835,86.5627899,"Sourbazar PHC, Saharsa ","Saharsa, India",city/town,Bing Maps
W,25.6871567,85.9982605,"Bibhutipur PHC, Samastipur ","Bibhutipur, India",city/town,Bing Maps
W,25.6943569,86.2850647,"Bithan PHC, Samastipur ","Bithan, India",city/town,Bing Maps
W,25.8598003,85.7865982,"Dalsinghsarai PHC, Samastipur ","Samastipur, India",city/town,Bing Maps
W,25.740284,86.2081451,"Hasanpur PHC, Samastipur ","Hasanpur, India",city/town,Bing Maps
W,25.9567451,85.7795639,"Kalyanpur PHC, Samastipur ","Kalyanpur, India",city/town,Bing Maps
W,25.852087,85.9412766,"Khanpur PHC, Samastipur ","Khanpur, India",city/town,Bing Maps
W,25.5367222,85.6248322,"Mohanpur PHC, Samastipur ","Mohanpur, India",city/town,Bing Maps
W,25.5750999,85.6740036,"Mohauiddinagar PHC, Samastipur ","Mohiuddin Nagar, India",city/town,Bing Maps
W,25.8111954,85.7015228,"Morwa PHC, Samastipur ","Morwa, India",city/town,Bing Maps
W,25.6250305,85.6053772,"Patori PHC, Samastipur ","Patori, India",city/town,Bing Maps
W,25.98629,85.6728516,"Pusa PHC, Samastipur ","Pusa, India",city/town,Bing Maps
W,25.7546711,86.0259018,"Rosera PHC, Samastipur ","Rosera, India",city/town,Bing Maps
W,25.8598003,85.7865982,"Samastipur PHC, Samastipur ","Samastipur, India",city/town,Bing Maps
W,25.8598003,85.7865982,"Samastipur Urban, Samastipur ","Samastipur, India",city/town,Bing Maps
W,25.756958,85.7169113,"Sarairanjan PHC, Samastipur ","Sarairanjan, India",city/town,Bing Maps
W,25.8872585,86.0435257,"Shivajinagar PHC, Samastipur ","Shivajinagar, India",city/town,Bing Maps
W,25.8598003,85.7865982,"Singhia PHC, Samastipur ","Samastipur, India",city/town,Bing Maps
W,25.8546448,85.6662674,"Tajpur PHC, Samastipur ","Tajpur, India",city/town,Bing Maps
W,25.7818985,85.805809,"Ujiarpur PHC, Samastipur ","Ujiyarpur, India",city/town,Bing Maps
W,25.6174393,85.7815552,"Vidyapatinagar PHC, Samastipur ","Vidyapatinagar, India",city/town,Bing Maps
W,25.5780067,85.8482666,"Warishnagar PHC, Samastipur ","Warisnagar, India",Neighborhood,Bing Maps
W,26.0543423,84.6169052,"Amnour CHC, Saran ","Saran, India",Neighborhood,Bing Maps
W,26.0543423,84.6169052,"Baniyapur Referal Hospital RH, Saran ","Saran, India",Neighborhood,Bing Maps
W,25.8210678,85.0349579,"Dariyapur PHC, Saran ","Dariyapur, India",city/town,Bing Maps
W,25.7441006,85.0034027,"Dighwara CHC, Saran ","Dighwara, India",city/town,Bing Maps
W,25.9682484,84.5365906,"Ekma CHC, Saran ","Ekma, India",city/town,Bing Maps
W,25.834116,84.8669128,"Garkha CHC, Saran ","Garkha, India",city/town,Bing Maps
W,26.030592,84.7968826,"Isuwapur PHC, Saran ","Isuwapur, India",Neighborhood,Bing Maps
W,25.8870811,84.6676407,"Jalalpur CHC, Saran ","Jalalpur, India",city/town,Bing Maps
W,26.0425129,84.6252213,"Lahladpur PHC, Saran ","Lahladpur, India",city/town,Bing Maps
W,25.9586468,85.0289154,"Maker PHC, Saran ","Maker, India",city/town,Bing Maps
W,25.8352489,84.578598,"Manjhi CHC, Saran ","Manjhi, India",city/town,Bing Maps
W,25.9708004,84.8647995,"Marhaura PHC, Saran ","Marhaura, India",city/town,Bing Maps
W,26.1033096,84.7965698,"Mashrakh CHC, Saran ","Mashrakh, India",city/town,Bing Maps
W,26.0543423,84.6169052,"Nagra PHC, Saran ","Saran, India",Neighborhood,Bing Maps
W,26.1304741,84.8542023,"Panapur PHC, Saran ","Panapur, India",city/town,Bing Maps
W,25.8869553,85.0272598,"Parsa CHC, Saran ","Parsa, India",city/town,Bing Maps
W,25.7803993,84.6678009,"Revilgang CHC, Saran ","Revelganj, India",city/town,Bing Maps
W,26.0543423,84.6169052,"Sadar Block PHC, Saran ","Saran, India",Neighborhood,Bing Maps
W,26.0543423,84.6169052,"Sadar Hospital Saran DH, Saran ","Saran, India",Neighborhood,Bing Maps
W,25.6961994,85.1679993,"Sonpur CHC, Saran ","Sonpur, India",city/town,Bing Maps
W,26.0731049,84.8834686,"Taraiya PHC, Saran ","Taraiya, India",city/town,Bing Maps
W,25.2171993,85.7371979,"Barbigha RH, Sheikhpura ","Barbigha, India",city/town,Bing Maps
W,25.0773487,85.9303589,"Chewara PHC, Sheikhpura ","Chewara, India",city/town,Bing Maps
W,25.1338959,85.8554001,"Ghatkumbha PHC, Sheikhpura ","Sheikhpura, India",city/town,Bing Maps
W,25.1338959,85.8554001,"Ariyari PHC, Sheikhpura ","Sheikhpura, India",city/town,Bing Maps
W,25.1338959,85.8554001,"Sekhopursarai PHC, Sheikhpura ","Sheikhpura, India",city/town,Bing Maps
W,25.1338959,85.8554001,"Seikhpura DH, Sheikhpura ","Sheikhpura, India",city/town,Bing Maps
W,25.1338959,85.8554001,"Sheikhpura PHC, Sheikhpura ","Sheikhpura, India",city/town,Bing Maps
W,26.4588223,85.2367096,"Dumri Katsari PHC, Sheohar ","Dumri Katsari, India",city/town,Bing Maps
W,26.5140991,85.2957001,"Sheohar Sadar PHC, Sheohar ","Sheohar, India",city/town,Bing Maps
W,26.5140991,85.2957001,"Piprahi PHC, Sheohar ","Sheohar, India",city/town,Bing Maps
W,26.6193981,85.3259659,"Purnahiya PHC, Sheohar ","Purnahiya, India",city/town,Bing Maps
W,26.5140991,85.2957001,"Sheohar DH, Sheohar ","Sheohar, India",city/town,Bing Maps
W,26.4067917,85.317749,"Tariyani PHC, Sheohar ","Tariyani, India",city/town,Bing Maps
W,26.7387009,85.2733994,"Bairginiya PHC, Sitamarhi ","Bairgania, India",city/town,Bing Maps
W,26.5618992,85.5225983,"Bangaon PHC, Sitamarhi ","Sitamarhi, India",city/town,Bing Maps
W,26.6369934,85.5793533,"Bathnaha PHC, Sitamarhi ","Bathnaha, India",city/town,Bing Maps
W,26.4442997,85.4014969,"Belsand PHC, Sitamarhi ","Belsand, India",city/town,Bing Maps
W,26.5618992,85.5225983,"Bokhara PHC, Sitamarhi ","Sitamarhi, India",city/town,Bing Maps
W,26.5320549,85.7941208,"Choraut PHC, Sitamarhi ","Choraut, India",city/town,Bing Maps
W,26.5618992,85.5225983,"Dumra PHC, Sitamarhi ","Sitamarhi, India",city/town,Bing Maps
W,26.5618992,85.5225983,"Mejorganj PHC, Sitamarhi ","Sitamarhi, India",city/town,Bing Maps
W,26.4389515,85.664032,"Nanpur PHC, Sitamarhi ","Nanpur, India",city/town,Bing Maps
W,26.7124252,85.6807938,"Parihar PHC, Sitamarhi ","Parihar, India",city/town,Bing Maps
W,26.5121708,85.3975677,"Parsauni PHC, Sitamarhi ","Parsauni, India",city/town,Bing Maps
W,26.4705944,85.7038193,"Pupri PHC, Sitamarhi ","Pupri, India",city/town,Bing Maps
W,26.6570396,85.4297867,"Riga PHC, Sitamarhi ","Riga, India",city/town,Bing Maps
W,26.3991146,85.5066986,"Runnisaidpur PHC, Sitamarhi ","Runnisaidpur, India",city/town,Bing Maps
W,26.5949001,85.5047989,"Sitamarhi DH, Sitamarhi ","Sitamarhi, India",Neighborhood,Bing Maps
W,26.8461304,85.5793915,"Sonbarsa PHC, Sitamarhi ","Sonbarsa, India",city/town,Bing Maps
W,26.7023792,85.3562164,"Suppi PHC, Sitamarhi ","Suppi, India",city/town,Bing Maps
W,26.5618992,85.5225983,"Sursand PHC, Sitamarhi ","Sitamarhi, India",city/town,Bing Maps
W,26.1027756,84.2942047,"Andar PHC, Siwan ","Andar, India",city/town,Bing Maps
W,26.3161163,84.4561615,"Barharya PHC, Siwan ","Barharia, India",city/town,Bing Maps
W,26.1714516,84.6641159,"Basantpur PHC, Siwan ","Basantpur, India",city/town,Bing Maps
W,26.1781559,84.0836182,"Bhagwanpur PHC, Siwan ","Bhagwanpur, India",Neighborhood,Bing Maps
W,26.0795937,84.1300125,"Darauli PHC, Siwan ","Darauli, India",city/town,Bing Maps
W,26.1602955,84.4147491,"Daraunda PHC, Siwan ","Siwan, India",city/town,Bing Maps
W,26.1602955,84.4147491,"Goriyakothi PHC, Siwan ","Siwan, India",city/town,Bing Maps
W,26.1659374,84.0396347,"Guthani PHC, Siwan ","Guthani, India",city/town,Bing Maps
W,26.1602955,84.4147491,"Hasanpur PHC, Siwan ","Siwan, India",city/town,Bing Maps
W,26.1678638,84.3361206,"Hussainganj PHC, Siwan ","Hussainganj, India",city/town,Bing Maps
W,26.1602955,84.4147491,"Jeeradei PHC, Siwan ","Siwan, India",city/town,Bing Maps
W,26.1602955,84.4147491,"Lakarinabiganj PHC, Siwan ","Siwan, India",city/town,Bing Maps
W,26.1117001,84.5064011,"Maharajganj PHC, Siwan ","Maharajganj, India",city/town,Bing Maps
W,26.2345009,84.1508026,"Mairwa PHC, Siwan ","Mairwa, India",city/town,Bing Maps
W,26.3259983,84.2142029,"Nautan PHC, Siwan ","Nautan, India",city/town,Bing Maps
W,26.1602955,84.4147491,"Pachrukhi PHC, Siwan ","Siwan, India",city/town,Bing Maps
W,26.0100899,84.2916794,"Raghunathpur PHC, Siwan ","Raghunathpur, India",city/town,Bing Maps
W,25.9410076,84.3965607,"Siswan PHC, Siwan ","Siswan, India",city/town,Bing Maps
W,26.1602955,84.4147491,"Sadar Block PHC, Siwan ","Siwan, India",city/town,Bing Maps
W,26.1602955,84.4147491,"Siwan Sadar Hospital DH, Siwan ","Siwan, India",city/town,Bing Maps
W,26.1131001,86.5931015,"Balua Bazar APHC, Supaul ","Supaul, India",city/town,Bing Maps
W,26.4977932,87.0101547,"Basantpur PHC, Supaul ","Basantpur, India",city/town,Bing Maps
W,26.1131001,86.5931015,"Chattapur PHC, Supaul ","Supaul, India",city/town,Bing Maps
W,26.206583,86.6288834,"Kishanpur PHC, Supaul ","Kishanpur, India",city/town,Bing Maps
W,26.1131001,86.5931015,"Kunauli APHC, Supaul ","Supaul, India",city/town,Bing Maps
W,26.2203751,86.5273666,"Marauna PHC, Supaul ","Marauna, India",city/town,Bing Maps
W,26.1131001,86.5931015,"Nirmali PHC, Supaul ","Supaul, India",city/town,Bing Maps
W,26.0240116,86.5878448,"Pipra PHC, Supaul ","Pipra, India",Neighborhood,Bing Maps
W,26.299696,86.9618607,"Pratapganj PHC, Supaul ","Pratapganj, India",city/town,Bing Maps
W,26.2986126,86.8358383,"Raghopur PHC, Supaul ","Raghopur, India",city/town,Bing Maps
W,26.1131001,86.5931015,"S. Bhaptiyahe PHC, Supaul ","Supaul, India",city/town,Bing Maps
W,26.1131001,86.5931015,"Sadar Block Supaul PHC, Supaul ","Supaul, India",city/town,Bing Maps
W,26.1285896,86.888237,"Triveniganj PHC, Supaul ","Triveniganj, India",city/town,Bing Maps
W,25.9369068,85.1393967,"Bhagwanpur PHC, Vaishali ","Bhagwanpur, India",Neighborhood,Bing Maps
W,25.6497993,85.3269043,"Bidupur PHC, Vaishali ","Bidupur, India",city/town,Bing Maps
W,25.9378166,85.1458969,"Chehra Kala PHC, Vaishali ","Vaishali, India",city/town,Bing Maps
W,25.9378166,85.1458969,"Desri PHC, Vaishali ","Vaishali, India",city/town,Bing Maps
W,25.9285431,85.3268509,"Goraul PHC, Vaishali ","Goraul, India",city/town,Bing Maps
W,25.7005157,85.2309189,"Hajipur DH, Vaishali ","Vaishali, India",Neighborhood,Bing Maps
W,25.7005157,85.2309189,"Hajipur PHC, Vaishali ","Vaishali, India",Neighborhood,Bing Maps
W,25.7094326,85.5361633,"Jandaha PHC, Vaishali ","Jandaha, India",city/town,Bing Maps
W,25.8649998,85.1712036,"LALGANJ PHC, Vaishali ","Lalganj, India",city/town,Bing Maps
W,25.6184864,85.5174484,"Mahnar PHC, Vaishali ","Mahnar, India",city/town,Bing Maps
W,25.801754,85.3998032,"Mahua PHC, Vaishali ","Mahua, India",city/town,Bing Maps
W,25.8975677,85.5623779,"Patepur PHC, Vaishali ","Patepur, India",city/town,Bing Maps
W,25.9378166,85.1458969,"Paterhi Belsar PHC, Vaishali ","Vaishali, India",city/town,Bing Maps
W,25.9378166,85.1458969,"Raghopur Referal Hospital, Vaishali ","Vaishali, India",city/town,Bing Maps
W,25.735857,85.338562,"Rajapakar PHC, Vaishali ","Rajapakar, India",city/town,Bing Maps
W,25.9378166,85.1458969,"Sahdai Buzurg PHC, Vaishali ","Vaishali, India",city/town,Bing Maps
W,25.9378166,85.1458969,"Vaishali PHC, Vaishali ","Vaishali, India",city/town,Bing Maps
W,26.8437004,84.6826019,"Bagaha-1 PHC, West Champaran ","Champaran, India",city/town,Bing Maps
W,26.8437004,84.6826019,"Bagaha-2 PHC, West Champaran ","Champaran, India",city/town,Bing Maps
W,26.8437004,84.6826019,"Bairiya PHC, West Champaran ","Champaran, India",city/town,Bing Maps
W,26.8437004,84.6826019,"Bakhari APHC, West Champaran ","Champaran, India",city/town,Bing Maps
W,26.8437004,84.6826019,"Balmiki Nagar APHC, West Champaran ","Champaran, India",city/town,Bing Maps
W,26.8437004,84.6826019,"Bettiah PHC, West Champaran ","Champaran, India",city/town,Bing Maps
W,26.8437004,84.6826019,"Bhitaha PHC, West Champaran ","Champaran, India",city/town,Bing Maps
W,26.8437004,84.6826019,"Chanpatia PHC, West Champaran ","Champaran, India",city/town,Bing Maps
W,26.8437004,84.6826019,"Madhubani PHC, West Champaran ","Champaran, India",city/town,Bing Maps
W,26.8437004,84.6826019,"Gaunaha PHC, West Champaran ","Champaran, India",city/town,Bing Maps
W,26.8437004,84.6826019,"Harnatarh PHC, West Champaran ","Champaran, India",city/town,Bing Maps
W,26.8437004,84.6826019,"Jogapatti PHC, West Champaran ","Champaran, India",city/town,Bing Maps
W,26.8437004,84.6826019,"Lauriya PHC, West Champaran ","Champaran, India",city/town,Bing Maps
W,26.8437004,84.6826019,"Mainatarh PHC, West Champaran ","Champaran, India",city/town,Bing Maps
W,26.8437004,84.6826019,"Majhauliya PHC, West Champaran ","Champaran, India",city/town,Bing Maps
W,26.8437004,84.6826019,"Narkatiyaganj PHC, West Champaran ","Champaran, India",city/town,Bing Maps
W,26.8437004,84.6826019,"Nautan PHC, West Champaran ","Champaran, India",city/town,Bing Maps
W,26.8437004,84.6826019,"Piprashi PHC, West Champaran ","Champaran, India",city/town,Bing Maps
W,27.3281612,84.2251816,"Ram Nagar PHC, West Champaran ","Ramnagar, India",city/town,Bing Maps
W,26.8437004,84.6826019,"Sikta PHC, West Champaran ","Champaran, India",city/town,Bing Maps
W,26.8437004,84.6826019,"Thakraha PHC, West Champaran ","Champaran, India",city/town,Bing Maps
