1,49,Araria ,Araria Sadar Hospital ,"Araria Sadar Hospital , Araria , Bihar, India"
2,50,Araria ,Araria Sadar ,"Araria Sadar , Araria , Bihar, India"
3,51,Araria ,Bhargama ,"Bhargama , Araria , Bihar, India"
4,52,Araria ,Forbesganj ,"Forbesganj , Araria , Bihar, India"
5,53,Araria ,Jokihat Referral Hospital,"Jokihat Referral Hospital, Araria , Bihar, India"
6,54,Araria ,Kursakata ,"Kursakata , Araria , Bihar, India"
7,55,Araria ,Nartpatganj ,"Nartpatganj , Araria , Bihar, India"
8,56,Araria ,Palasi ,"Palasi , Araria , Bihar, India"
9,57,Araria ,Raniganj Referral Hospital,"Raniganj Referral Hospital, Araria , Bihar, India"
10,58,Araria ,Sikti ,"Sikti , Araria , Bihar, India"
11,59,Arwal ,Arwal ,"Arwal , Arwal , Bihar, India"
12,60,Arwal ,Arwal Sadar Hospital ,"Arwal Sadar Hospital , Arwal , Bihar, India"
13,61,Arwal ,Kaler ,"Kaler , Arwal , Bihar, India"
14,62,Arwal ,Karpi ,"Karpi , Arwal , Bihar, India"
15,63,Arwal ,Kurtha ,"Kurtha , Arwal , Bihar, India"
16,64,Arwal ,Sonbhadra Bansi Suryapur ,"Sonbhadra Bansi Suryapur , Arwal , Bihar, India"
17,65,Aurangabad ,Barun ,"Barun , Aurangabad , Bihar, India"
18,66,Aurangabad ,Daudnagar ,"Daudnagar , Aurangabad , Bihar, India"
19,67,Aurangabad ,Deo ,"Deo , Aurangabad , Bihar, India"
20,68,Aurangabad ,Goh ,"Goh , Aurangabad , Bihar, India"
21,69,Aurangabad ,Haspura ,"Haspura , Aurangabad , Bihar, India"
22,70,Aurangabad ,Aurangabad ,"Aurangabad , Aurangabad , Bihar, India"
23,71,Aurangabad ,Kutumba ,"Kutumba , Aurangabad , Bihar, India"
24,72,Aurangabad ,Madanpur ,"Madanpur , Aurangabad , Bihar, India"
25,73,Aurangabad ,Nabinagar ,"Nabinagar , Aurangabad , Bihar, India"
26,74,Aurangabad ,Naughrah ,"Naughrah , Aurangabad , Bihar, India"
27,75,Aurangabad ,Obra ,"Obra , Aurangabad , Bihar, India"
28,76,Aurangabad ,Rafganj ,"Rafganj , Aurangabad , Bihar, India"
29,77,Banka ,Amarpur ,"Amarpur , Banka , Bihar, India"
30,78,Banka ,Banka ,"Banka , Banka , Bihar, India"
31,79,Banka ,Banka Sadar ,"Banka Sadar , Banka , Bihar, India"
32,80,Banka ,Barahat ,"Barahat , Banka , Bihar, India"
33,81,Banka ,Baunsi ,"Baunsi , Banka , Bihar, India"
34,82,Banka ,Belhar ,"Belhar , Banka , Bihar, India"
35,83,Banka ,Chandan ,"Chandan , Banka , Bihar, India"
36,84,Banka ,Dhoraiya ,"Dhoraiya , Banka , Bihar, India"
37,85,Banka ,Fullidumar ,"Fullidumar , Banka , Bihar, India"
38,86,Banka ,Katoriya ,"Katoriya , Banka , Bihar, India"
39,87,Banka ,Rajoun ,"Rajoun , Banka , Bihar, India"
40,88,Banka ,Shambhuganj ,"Shambhuganj , Banka , Bihar, India"
41,89,Begusarai ,Bachwara ,"Bachwara , Begusarai , Bihar, India"
42,90,Begusarai ,Bakhari ,"Bakhari , Begusarai , Bihar, India"
43,91,Begusarai ,Baliya ,"Baliya , Begusarai , Bihar, India"
44,92,Begusarai ,Barauni ,"Barauni , Begusarai , Bihar, India"
45,93,Begusarai ,Begusarai Sadar ,"Begusarai Sadar , Begusarai , Bihar, India"
46,94,Begusarai ,Begusarai  ,"Begusarai  , Begusarai , Bihar, India"
47,95,Begusarai ,Bhagwanpur ,"Bhagwanpur , Begusarai , Bihar, India"
48,96,Begusarai ,Birpur ,"Birpur , Begusarai , Bihar, India"
49,97,Begusarai ,Cheriya Bariyarpur ,"Cheriya Bariyarpur , Begusarai , Bihar, India"
50,98,Begusarai ,Chhurahi ,"Chhurahi , Begusarai , Bihar, India"
51,99,Begusarai ,Dandari ,"Dandari , Begusarai , Bihar, India"
52,100,Begusarai ,Garhpura ,"Garhpura , Begusarai , Bihar, India"
53,101,Begusarai ,Khodawandpur ,"Khodawandpur , Begusarai , Bihar, India"
54,102,Begusarai ,Mansoorchak ,"Mansoorchak , Begusarai , Bihar, India"
55,103,Begusarai ,Matihani ,"Matihani , Begusarai , Bihar, India"
56,104,Begusarai ,Nawkothi ,"Nawkothi , Begusarai , Bihar, India"
57,105,Begusarai ,Sahebpur Kamal ,"Sahebpur Kamal , Begusarai , Bihar, India"
58,106,Begusarai ,Shamho ,"Shamho , Begusarai , Bihar, India"
59,107,Begusarai ,Teghra ,"Teghra , Begusarai , Bihar, India"
60,108,Bhagalpur ,Bihpur ,"Bihpur , Bhagalpur , Bihar, India"
61,109,Bhagalpur ,Gopalpur ,"Gopalpur , Bhagalpur , Bihar, India"
62,110,Bhagalpur ,Goradih ,"Goradih , Bhagalpur , Bihar, India"
63,111,Bhagalpur ,Jagdishpur ,"Jagdishpur , Bhagalpur , Bihar, India"
64,112,Bhagalpur ,Kahalgaon ,"Kahalgaon , Bhagalpur , Bihar, India"
65,113,Bhagalpur ,Kharik ,"Kharik , Bhagalpur , Bihar, India"
66,114,Bhagalpur ,Nathnagar ,"Nathnagar , Bhagalpur , Bihar, India"
67,115,Bhagalpur ,Jwahar Lal Nehru Medical College Hospital,"Jwahar Lal Nehru Medical College Hospital, Bhagalpur , Bihar, India"
68,116,Bhagalpur ,Narayanpur ,"Narayanpur , Bhagalpur , Bihar, India"
69,117,Bhagalpur ,Naugachiya ,"Naugachiya , Bhagalpur , Bihar, India"
70,118,Bhagalpur ,Pirpainti ,"Pirpainti , Bhagalpur , Bihar, India"
71,119,Bhagalpur ,Rangra ,"Rangra , Bhagalpur , Bihar, India"
72,120,Bhagalpur ,Sabour ,"Sabour , Bhagalpur , Bihar, India"
73,121,Bhagalpur ,Sahkund ,"Sahkund , Bhagalpur , Bihar, India"
74,122,Bhagalpur ,Sanahulla ,"Sanahulla , Bhagalpur , Bihar, India"
75,123,Bhagalpur ,Sultanganj ,"Sultanganj , Bhagalpur , Bihar, India"
76,124,Bhagalpur , ," , Bhagalpur , Bihar, India"
77,125,Bhojpur ,Agiaon ,"Agiaon , Bhojpur , Bihar, India"
78,126,Bhojpur ,Barhara ,"Barhara , Bhojpur , Bihar, India"
79,127,Bhojpur ,Sadar ,"Sadar , Bhojpur , Bihar, India"
80,128,Bhojpur ,Bihiya ,"Bihiya , Bhojpur , Bihar, India"
81,129,Bhojpur ,Charpokhri ,"Charpokhri , Bhojpur , Bihar, India"
82,130,Bhojpur ,Garahani ,"Garahani , Bhojpur , Bihar, India"
83,131,Bhojpur ,Jagdishpur ,"Jagdishpur , Bhojpur , Bihar, India"
84,132,Bhojpur ,Jagdishpur ,"Jagdishpur , Bhojpur , Bihar, India"
85,133,Bhojpur ,Koilwar ,"Koilwar , Bhojpur , Bihar, India"
86,134,Bhojpur ,Ara ,"Ara , Bhojpur , Bihar, India"
87,135,Bhojpur ,Piro ,"Piro , Bhojpur , Bihar, India"
88,136,Bhojpur ,Sahar ,"Sahar , Bhojpur , Bihar, India"
89,137,Bhojpur ,Shahpur ,"Shahpur , Bhojpur , Bihar, India"
90,138,Bhojpur ,Sandesh ,"Sandesh , Bhojpur , Bihar, India"
91,139,Bhojpur ,Tarari ,"Tarari , Bhojpur , Bihar, India"
92,140,Bhojpur ,Udwantnagar ,"Udwantnagar , Bhojpur , Bihar, India"
93,141,Buxar ,Buxar Sadar,"Buxar Sadar, Buxar , Bihar, India"
94,142,Buxar ,Chakki ,"Chakki , Buxar , Bihar, India"
95,143,Buxar ,Chougain ,"Chougain , Buxar , Bihar, India"
96,144,Buxar ,Chousa ,"Chousa , Buxar , Bihar, India"
97,145,Buxar ,Dumraon ,"Dumraon , Buxar , Bihar, India"
98,146,Buxar ,Itarhi ,"Itarhi , Buxar , Bihar, India"
99,147,Buxar ,Kesath ,"Kesath , Buxar , Bihar, India"
100,148,Buxar ,Nawanagar ,"Nawanagar , Buxar , Bihar, India"
101,149,Buxar ,Brahampur ,"Brahampur , Buxar , Bihar, India"
102,150,Buxar ,Rajpur ,"Rajpur , Buxar , Bihar, India"
103,151,Buxar ,Simari ,"Simari , Buxar , Bihar, India"
104,152,Darbhanga ,Alinagar ,"Alinagar , Darbhanga , Bihar, India"
105,153,Darbhanga ,Bahadurpur ,"Bahadurpur , Darbhanga , Bihar, India"
106,154,Darbhanga ,Baheri ,"Baheri , Darbhanga , Bihar, India"
107,155,Darbhanga ,Benipur ,"Benipur , Darbhanga , Bihar, India"
108,156,Darbhanga ,Benipur ,"Benipur , Darbhanga , Bihar, India"
109,157,Darbhanga ,Biraul ,"Biraul , Darbhanga , Bihar, India"
110,158,Darbhanga ,Darbhanga Sadar ,"Darbhanga Sadar , Darbhanga , Bihar, India"
111,159,Darbhanga ,Gouraboraam ,"Gouraboraam , Darbhanga , Bihar, India"
112,160,Darbhanga ,Ghanshyampur ,"Ghanshyampur , Darbhanga , Bihar, India"
113,161,Darbhanga ,Hanuman Nagar ,"Hanuman Nagar , Darbhanga , Bihar, India"
114,162,Darbhanga ,Hayaghat ,"Hayaghat , Darbhanga , Bihar, India"
115,163,Darbhanga ,Jalley ,"Jalley , Darbhanga , Bihar, India"
116,164,Darbhanga ,Keoti ,"Keoti , Darbhanga , Bihar, India"
117,165,Darbhanga ,Kiratpur ,"Kiratpur , Darbhanga , Bihar, India"
118,166,Darbhanga ,Kusheshwar Asthan ,"Kusheshwar Asthan , Darbhanga , Bihar, India"
119,167,Darbhanga ,Kusheshwar Asthan (East) ,"Kusheshwar Asthan (East) , Darbhanga , Bihar, India"
120,168,Darbhanga ,Darbhanga ,"Darbhanga , Darbhanga , Bihar, India"
121,169,Darbhanga ,Manigachhi ,"Manigachhi , Darbhanga , Bihar, India"
122,170,Darbhanga ,Singwara ,"Singwara , Darbhanga , Bihar, India"
123,171,Darbhanga ,Tardih ,"Tardih , Darbhanga , Bihar, India"
124,172,East Champaran ,Adapur ,"Adapur , East Champaran , Bihar, India"
125,173,East Champaran ,Areraj ,"Areraj , East Champaran , Bihar, India"
126,174,East Champaran ,Banjaria ,"Banjaria , East Champaran , Bihar, India"
127,175,East Champaran ,Bankatwa ,"Bankatwa , East Champaran , Bihar, India"
128,176,East Champaran ,Chakia ,"Chakia , East Champaran , Bihar, India"
129,177,East Champaran ,Chhauradano ,"Chhauradano , East Champaran , Bihar, India"
130,178,East Champaran ,Chiraiya ,"Chiraiya , East Champaran , Bihar, India"
131,179,East Champaran ,Dhaka ,"Dhaka , East Champaran , Bihar, India"
132,180,East Champaran ,Ghorasahan ,"Ghorasahan , East Champaran , Bihar, India"
133,181,East Champaran ,Harsidhi ,"Harsidhi , East Champaran , Bihar, India"
134,182,East Champaran ,Kalyanpur ,"Kalyanpur , East Champaran , Bihar, India"
135,183,East Champaran ,Kesariya ,"Kesariya , East Champaran , Bihar, India"
136,184,East Champaran ,Kotwa ,"Kotwa , East Champaran , Bihar, India"
137,185,East Champaran ,Madhuban ,"Madhuban , East Champaran , Bihar, India"
138,186,East Champaran ,Mehasi ,"Mehasi , East Champaran , Bihar, India"
139,187,East Champaran ,Motihari ,"Motihari , East Champaran , Bihar, India"
140,188,East Champaran ,Motihari ,"Motihari , East Champaran , Bihar, India"
141,189,East Champaran ,Pahadpur ,"Pahadpur , East Champaran , Bihar, India"
142,190,East Champaran ,Pakadidayal ,"Pakadidayal , East Champaran , Bihar, India"
143,191,East Champaran ,Patahi ,"Patahi , East Champaran , Bihar, India"
144,192,East Champaran ,Phenhara ,"Phenhara , East Champaran , Bihar, India"
145,193,East Champaran ,Piprakothi ,"Piprakothi , East Champaran , Bihar, India"
146,194,East Champaran ,Ramgarhwa ,"Ramgarhwa , East Champaran , Bihar, India"
147,195,East Champaran ,Raxaul ,"Raxaul , East Champaran , Bihar, India"
148,196,East Champaran ,Sangrampur ,"Sangrampur , East Champaran , Bihar, India"
149,197,East Champaran ,Sugauli ,"Sugauli , East Champaran , Bihar, India"
150,198,East Champaran ,Tetriya ,"Tetriya , East Champaran , Bihar, India"
151,199,East Champaran ,Turkoliya ,"Turkoliya , East Champaran , Bihar, India"
152,200,Gaya ,A. N. Magadh Medical College Hospital,"A. N. Magadh Medical College Hospital, Gaya , Bihar, India"
153,201,Gaya ,Amas ,"Amas , Gaya , Bihar, India"
154,202,Gaya ,Atri ,"Atri , Gaya , Bihar, India"
155,203,Gaya ,Bankey Bazar ,"Bankey Bazar , Gaya , Bihar, India"
156,204,Gaya ,Barachatti ,"Barachatti , Gaya , Bihar, India"
157,205,Gaya ,Belaganj ,"Belaganj , Gaya , Bihar, India"
158,206,Gaya ,Bodh Gaya ,"Bodh Gaya , Gaya , Bihar, India"
159,207,Gaya ,Dhobhi ,"Dhobhi , Gaya , Bihar, India"
160,208,Gaya ,Dumariya ,"Dumariya , Gaya , Bihar, India"
161,209,Gaya ,Fatehpur ,"Fatehpur , Gaya , Bihar, India"
162,210,Gaya ,Guraru ,"Guraru , Gaya , Bihar, India"
163,211,Gaya ,Gurua ,"Gurua , Gaya , Bihar, India"
164,212,Gaya ,Imamganj ,"Imamganj , Gaya , Bihar, India"
165,213,Gaya ,Jay Prakash Narayana Hospital,"Jay Prakash Narayana Hospital, Gaya , Bihar, India"
166,214,Gaya ,Khezarsaari ,"Khezarsaari , Gaya , Bihar, India"
167,215,Gaya ,Konch ,"Konch , Gaya , Bihar, India"
168,216,Gaya ,Manpur ,"Manpur , Gaya , Bihar, India"
169,217,Gaya ,Mohanpur ,"Mohanpur , Gaya , Bihar, India"
170,218,Gaya ,Mohra ,"Mohra , Gaya , Bihar, India"
171,219,Gaya ,Nagar Prakhand ,"Nagar Prakhand , Gaya , Bihar, India"
172,220,Gaya ,Nimchak Bathanhi ,"Nimchak Bathanhi , Gaya , Bihar, India"
173,221,Gaya ,Paraiya ,"Paraiya , Gaya , Bihar, India"
174,222,Gaya ,Prabhavati Lady Hospital,"Prabhavati Lady Hospital, Gaya , Bihar, India"
175,223,Gaya ,Sherghati ,"Sherghati , Gaya , Bihar, India"
176,224,Gaya ,Tankuppa ,"Tankuppa , Gaya , Bihar, India"
177,225,Gaya ,Tekari ,"Tekari , Gaya , Bihar, India"
178,226,Gaya ,Wazirganj ,"Wazirganj , Gaya , Bihar, India"
179,227,Gopalganj ,Baikunthpur ,"Baikunthpur , Gopalganj , Bihar, India"
180,228,Gopalganj ,BARAULI ,"BARAULI , Gopalganj , Bihar, India"
181,229,Gopalganj ,BHORE ,"BHORE , Gopalganj , Bihar, India"
182,230,Gopalganj ,Bijayipur ,"Bijayipur , Gopalganj , Bihar, India"
183,231,Gopalganj ,Gopalganj ,"Gopalganj , Gopalganj , Bihar, India"
184,232,Gopalganj ,Gopalganj Sadar ,"Gopalganj Sadar , Gopalganj , Bihar, India"
185,233,Gopalganj ,Hathuwa ,"Hathuwa , Gopalganj , Bihar, India"
186,234,Gopalganj ,Hathuwa ,"Hathuwa , Gopalganj , Bihar, India"
187,235,Gopalganj ,Kateya ,"Kateya , Gopalganj , Bihar, India"
188,236,Gopalganj ,Kuchaikote ,"Kuchaikote , Gopalganj , Bihar, India"
189,237,Gopalganj ,Manjha ,"Manjha , Gopalganj , Bihar, India"
190,238,Gopalganj ,Panchadeori ,"Panchadeori , Gopalganj , Bihar, India"
191,239,Gopalganj ,Phulwariya ,"Phulwariya , Gopalganj , Bihar, India"
192,240,Gopalganj ,SIWALIYA ,"SIWALIYA , Gopalganj , Bihar, India"
193,241,Gopalganj ,THAWE ,"THAWE , Gopalganj , Bihar, India"
194,242,Gopalganj ,Uchakagaon ,"Uchakagaon , Gopalganj , Bihar, India"
195,243,Jamui ,Aliganj ,"Aliganj , Jamui , Bihar, India"
196,244,Jamui ,Barhat ,"Barhat , Jamui , Bihar, India"
197,245,Jamui ,Chakai ,"Chakai , Jamui , Bihar, India"
198,246,Jamui ,Gidhour ,"Gidhour , Jamui , Bihar, India"
199,247,Jamui ,Jamui Sadar Hospital ,"Jamui Sadar Hospital , Jamui , Bihar, India"
200,248,Jamui ,Jamui  ,"Jamui  , Jamui , Bihar, India"
201,249,Jamui ,Jhajha ,"Jhajha , Jamui , Bihar, India"
202,250,Jamui ,Khaira ,"Khaira , Jamui , Bihar, India"
203,251,Jamui ,Laxmipur ,"Laxmipur , Jamui , Bihar, India"
204,252,Jamui ,Sikandra ,"Sikandra , Jamui , Bihar, India"
205,253,Jamui ,Sono ,"Sono , Jamui , Bihar, India"
206,254,Jehanabad ,Ghoshi ,"Ghoshi , Jehanabad , Bihar, India"
207,255,Jehanabad ,Hulashganj ,"Hulashganj , Jehanabad , Bihar, India"
208,256,Jehanabad ,Jehanabad Sadar Hospital,"Jehanabad Sadar Hospital, Jehanabad , Bihar, India"
209,257,Jehanabad ,Kako ,"Kako , Jehanabad , Bihar, India"
210,258,Jehanabad ,Makhdumpur ,"Makhdumpur , Jehanabad , Bihar, India"
211,259,Jehanabad ,Okari ,"Okari , Jehanabad , Bihar, India"
212,260,Jehanabad ,Ratni Faridpur ,"Ratni Faridpur , Jehanabad , Bihar, India"
213,261,Jehanabad ,Sikariyan ,"Sikariyan , Jehanabad , Bihar, India"
214,262,Kaimur ,Adhaura ,"Adhaura , Kaimur , Bihar, India"
215,263,Kaimur ,Bhabua ,"Bhabua , Kaimur , Bihar, India"
216,264,Kaimur ,Bhagwanpur ,"Bhagwanpur , Kaimur , Bihar, India"
217,265,Kaimur ,Chainpur ,"Chainpur , Kaimur , Bihar, India"
218,266,Kaimur ,Chand ,"Chand , Kaimur , Bihar, India"
219,267,Kaimur ,Durgawati ,"Durgawati , Kaimur , Bihar, India"
220,268,Kaimur ,Bhabua ,"Bhabua , Kaimur , Bihar, India"
221,269,Kaimur ,Kaimur ,"Kaimur , Kaimur , Bihar, India"
222,270,Kaimur ,Kudra ,"Kudra , Kaimur , Bihar, India"
223,271,Kaimur ,Mohaniya ,"Mohaniya , Kaimur , Bihar, India"
224,272,Kaimur ,Nuaon ,"Nuaon , Kaimur , Bihar, India"
225,273,Kaimur ,Ramgarh ,"Ramgarh , Kaimur , Bihar, India"
226,274,Kaimur ,Rampur ,"Rampur , Kaimur , Bihar, India"
227,275,Katihar ,Amdabad ,"Amdabad , Katihar , Bihar, India"
228,276,Katihar ,Azamnagar ,"Azamnagar , Katihar , Bihar, India"
229,277,Katihar ,Balrampur ,"Balrampur , Katihar , Bihar, India"
230,278,Katihar ,Barari ,"Barari , Katihar , Bihar, India"
231,279,Katihar ,Barsoi ,"Barsoi , Katihar , Bihar, India"
232,280,Katihar ,Beliya Belon ,"Beliya Belon , Katihar , Bihar, India"
233,281,Katihar ,Dhandkhora ,"Dhandkhora , Katihar , Bihar, India"
234,282,Katihar ,Falka ,"Falka , Katihar , Bihar, India"
235,283,Katihar ,Hasanganj ,"Hasanganj , Katihar , Bihar, India"
236,284,Katihar ,Kadawa ,"Kadawa , Katihar , Bihar, India"
237,285,Katihar ,Katihar Medical College,"Katihar Medical College, Katihar , Bihar, India"
238,286,Katihar ,Katihar Railway Hospital,"Katihar Railway Hospital, Katihar , Bihar, India"
239,287,Katihar ,Katihar Sadar Hospital ,"Katihar Sadar Hospital , Katihar , Bihar, India"
240,288,Katihar ,Katihar ,"Katihar , Katihar , Bihar, India"
241,289,Katihar ,Korha ,"Korha , Katihar , Bihar, India"
242,290,Katihar ,Kursela ,"Kursela , Katihar , Bihar, India"
243,291,Katihar ,Manihari ,"Manihari , Katihar , Bihar, India"
244,292,Katihar ,Manihari Referral Hospital,"Manihari Referral Hospital, Katihar , Bihar, India"
245,293,Katihar ,Mansahi ,"Mansahi , Katihar , Bihar, India"
246,294,Katihar ,Pranpur ,"Pranpur , Katihar , Bihar, India"
247,295,Katihar ,Sameli ,"Sameli , Katihar , Bihar, India"
248,296,Katihar ,Shalmari ,"Shalmari , Katihar , Bihar, India"
249,297,Katihar ,Balrampur ,"Balrampur , Katihar , Bihar, India"
250,298,Khagaria ,Alauli ,"Alauli , Khagaria , Bihar, India"
251,299,Khagaria ,Beldaur ,"Beldaur , Khagaria , Bihar, India"
252,300,Khagaria ,Gogari ,"Gogari , Khagaria , Bihar, India"
253,301,Khagaria ,Khagaria ,"Khagaria , Khagaria , Bihar, India"
254,302,Khagaria ,Chautham ,"Chautham , Khagaria , Bihar, India"
255,303,Khagaria ,Prawatta ,"Prawatta , Khagaria , Bihar, India"
256,304,Khagaria ,Mansi ,"Mansi , Khagaria , Bihar, India"
257,305,Kishanganj ,Bahadurganj ,"Bahadurganj , Kishanganj , Bihar, India"
258,306,Kishanganj ,Chatargachh Referral Hospital,"Chatargachh Referral Hospital, Kishanganj , Bihar, India"
259,307,Kishanganj ,Dighalbank ,"Dighalbank , Kishanganj , Bihar, India"
260,308,Kishanganj ,Kishanganj ,"Kishanganj , Kishanganj , Bihar, India"
261,309,Kishanganj ,MGM Medical College & Hospital Kishanganj,"MGM Medical College & Hospital Kishanganj, Kishanganj , Bihar, India"
262,310,Kishanganj ,Kishanganj Belva ,"Kishanganj Belva , Kishanganj , Bihar, India"
263,311,Kishanganj ,Kochadaman ,"Kochadaman , Kishanganj , Bihar, India"
264,312,Kishanganj ,Pothiya ,"Pothiya , Kishanganj , Bihar, India"
265,313,Kishanganj ,Terhagchh ,"Terhagchh , Kishanganj , Bihar, India"
266,314,Kishanganj ,Thakurganj ,"Thakurganj , Kishanganj , Bihar, India"
267,315,Lakhisarai ,Barahiya ,"Barahiya , Lakhisarai , Bihar, India"
268,316,Lakhisarai ,Ghosaith ,"Ghosaith , Lakhisarai , Bihar, India"
269,317,Lakhisarai ,Halsi ,"Halsi , Lakhisarai , Bihar, India"
270,318,Lakhisarai ,Lakhisarai ,"Lakhisarai , Lakhisarai , Bihar, India"
271,319,Lakhisarai ,Lakhisarai Sadar Hospital ,"Lakhisarai Sadar Hospital , Lakhisarai , Bihar, India"
272,320,Lakhisarai ,Pipairya ,"Pipairya , Lakhisarai , Bihar, India"
273,321,Lakhisarai ,Ramgarh ,"Ramgarh , Lakhisarai , Bihar, India"
274,322,Lakhisarai ,Surajgraha ,"Surajgraha , Lakhisarai , Bihar, India"
275,323,Madhepura ,Alamnagar ,"Alamnagar , Madhepura , Bihar, India"
276,324,Madhepura ,Bihariganj ,"Bihariganj , Madhepura , Bihar, India"
277,325,Madhepura ,Chausa ,"Chausa , Madhepura , Bihar, India"
278,326,Madhepura ,Gamhariya ,"Gamhariya , Madhepura , Bihar, India"
279,327,Madhepura ,Ghailadh ,"Ghailadh , Madhepura , Bihar, India"
280,328,Madhepura ,Gwalpara ,"Gwalpara , Madhepura , Bihar, India"
281,329,Madhepura ,Kumarkhand ,"Kumarkhand , Madhepura , Bihar, India"
282,330,Madhepura ,Madhepura Sadar Hospital,"Madhepura Sadar Hospital, Madhepura , Bihar, India"
283,331,Madhepura ,Majhora ,"Majhora , Madhepura , Bihar, India"
284,332,Madhepura ,Murho ,"Murho , Madhepura , Bihar, India"
285,333,Madhepura ,Murliganj ,"Murliganj , Madhepura , Bihar, India"
286,334,Madhepura ,Phulot ,"Phulot , Madhepura , Bihar, India"
287,335,Madhepura ,Puraini ,"Puraini , Madhepura , Bihar, India"
288,336,Madhepura ,Sankarpur ,"Sankarpur , Madhepura , Bihar, India"
289,337,Madhepura ,Singheshar ,"Singheshar , Madhepura , Bihar, India"
290,338,Madhepura ,Udakisananganj ,"Udakisananganj , Madhepura , Bihar, India"
291,339,Madhubani ,Andhrathari ,"Andhrathari , Madhubani , Bihar, India"
292,340,Madhubani ,Babubarhi ,"Babubarhi , Madhubani , Bihar, India"
293,341,Madhubani ,Basopatti ,"Basopatti , Madhubani , Bihar, India"
294,342,Madhubani ,Benipatti ,"Benipatti , Madhubani , Bihar, India"
295,343,Madhubani ,Bisf ,"Bisf , Madhubani , Bihar, India"
296,344,Madhubani ,Ghoghardiha ,"Ghoghardiha , Madhubani , Bihar, India"
297,345,Madhubani ,Harlakhi ,"Harlakhi , Madhubani , Bihar, India"
298,346,Madhubani ,Jainagar ,"Jainagar , Madhubani , Bihar, India"
299,347,Madhubani ,Jhanjharpur ,"Jhanjharpur , Madhubani , Bihar, India"
300,348,Madhubani ,Kaluahi ,"Kaluahi , Madhubani , Bihar, India"
301,349,Madhubani ,Khajauli ,"Khajauli , Madhubani , Bihar, India"
302,350,Madhubani ,Khutauna ,"Khutauna , Madhubani , Bihar, India"
303,351,Madhubani ,Ladania ,"Ladania , Madhubani , Bihar, India"
304,352,Madhubani ,Lakhnaur ,"Lakhnaur , Madhubani , Bihar, India"
305,353,Madhubani ,Laukahi ,"Laukahi , Madhubani , Bihar, India"
306,354,Madhubani ,Madhepur ,"Madhepur , Madhubani , Bihar, India"
307,355,Madhubani ,Madhubani ,"Madhubani , Madhubani , Bihar, India"
308,356,Madhubani ,Madhwapur ,"Madhwapur , Madhubani , Bihar, India"
309,357,Madhubani ,Pandaul ,"Pandaul , Madhubani , Bihar, India"
310,358,Madhubani ,Phulparas ,"Phulparas , Madhubani , Bihar, India"
311,359,Madhubani ,Rahika ,"Rahika , Madhubani , Bihar, India"
312,360,Madhubani ,Rajnagar ,"Rajnagar , Madhubani , Bihar, India"
313,361,Munger ,Asarganj ,"Asarganj , Munger , Bihar, India"
314,362,Munger ,Bariarpur ,"Bariarpur , Munger , Bihar, India"
315,363,Munger ,Dharhara ,"Dharhara , Munger , Bihar, India"
316,364,Munger ,Jamalpur  ,"Jamalpur  , Munger , Bihar, India"
317,365,Munger ,Kharagpur ,"Kharagpur , Munger , Bihar, India"
318,366,Munger ,Munger ,"Munger , Munger , Bihar, India"
319,367,Munger ,Munger Sadar ,"Munger Sadar , Munger , Bihar, India"
320,368,Munger ,Sangrampur ,"Sangrampur , Munger , Bihar, India"
321,369,Munger ,Tarapur ,"Tarapur , Munger , Bihar, India"
322,370,Munger ,Tetiya Bamber ,"Tetiya Bamber , Munger , Bihar, India"
323,371,Muzaffarpur ,Aurai ,"Aurai , Muzaffarpur , Bihar, India"
324,372,Muzaffarpur ,Bochaha ,"Bochaha , Muzaffarpur , Bihar, India"
325,373,Muzaffarpur ,Gayghat ,"Gayghat , Muzaffarpur , Bihar, India"
326,374,Muzaffarpur ,Kanti ,"Kanti , Muzaffarpur , Bihar, India"
327,375,Muzaffarpur ,Katra ,"Katra , Muzaffarpur , Bihar, India"
328,376,Muzaffarpur ,Kudhani ,"Kudhani , Muzaffarpur , Bihar, India"
329,377,Muzaffarpur ,Marwan ,"Marwan , Muzaffarpur , Bihar, India"
330,378,Muzaffarpur ,Minapur ,"Minapur , Muzaffarpur , Bihar, India"
331,379,Muzaffarpur ,Motipur ,"Motipur , Muzaffarpur , Bihar, India"
332,380,Muzaffarpur ,Muraul ,"Muraul , Muzaffarpur , Bihar, India"
333,381,Muzaffarpur ,Mushari ,"Mushari , Muzaffarpur , Bihar, India"
334,382,Muzaffarpur ,Sadar Hospital Muzaffarpur ,"Sadar Hospital Muzaffarpur , Muzaffarpur , Bihar, India"
335,383,Muzaffarpur ,Sri Krishna Medical College and Hospital,"Sri Krishna Medical College and Hospital, Muzaffarpur , Bihar, India"
336,384,Muzaffarpur , Muzaffarpur," Muzaffarpur, Muzaffarpur , Bihar, India"
337,385,Muzaffarpur ,Paroo ,"Paroo , Muzaffarpur , Bihar, India"
338,386,Muzaffarpur ,Sahebganj ,"Sahebganj , Muzaffarpur , Bihar, India"
339,387,Muzaffarpur ,Sakra ,"Sakra , Muzaffarpur , Bihar, India"
340,388,Muzaffarpur ,Saraiya ,"Saraiya , Muzaffarpur , Bihar, India"
341,389,Nalanda ,Asthawan ,"Asthawan , Nalanda , Bihar, India"
342,390,Nalanda ,Ben ,"Ben , Nalanda , Bihar, India"
343,391,Nalanda ,Biharsharif  ,"Biharsharif  , Nalanda , Bihar, India"
344,392,Nalanda ,Chandi ,"Chandi , Nalanda , Bihar, India"
345,393,Nalanda ,Ekangarsarai ,"Ekangarsarai , Nalanda , Bihar, India"
346,394,Nalanda ,Giriyak ,"Giriyak , Nalanda , Bihar, India"
347,395,Nalanda ,Hilsa ,"Hilsa , Nalanda , Bihar, India"
348,396,Nalanda ,Islampur ,"Islampur , Nalanda , Bihar, India"
349,397,Nalanda ,Karaiparsurai ,"Karaiparsurai , Nalanda , Bihar, India"
350,398,Nalanda ,Katrisarai ,"Katrisarai , Nalanda , Bihar, India"
351,399,Nalanda ,Bind ,"Bind , Nalanda , Bihar, India"
352,400,Nalanda ,Nagarnausa ,"Nagarnausa , Nalanda , Bihar, India"
353,401,Nalanda ,Harnaut ,"Harnaut , Nalanda , Bihar, India"
354,402,Nalanda ,Noorsarai ,"Noorsarai , Nalanda , Bihar, India"
355,403,Nalanda ,Parwalpur ,"Parwalpur , Nalanda , Bihar, India"
356,404,Nalanda ,Rahui ,"Rahui , Nalanda , Bihar, India"
357,405,Nalanda ,Rajgir ,"Rajgir , Nalanda , Bihar, India"
358,406,Nalanda ,Biharsharif sadar ,"Biharsharif sadar , Nalanda , Bihar, India"
359,407,Nalanda ,Sarmera ,"Sarmera , Nalanda , Bihar, India"
360,408,Nalanda ,Silao ,"Silao , Nalanda , Bihar, India"
361,409,Nalanda ,Tharthari ,"Tharthari , Nalanda , Bihar, India"
362,410,Nawada ,Akbarpur ,"Akbarpur , Nawada , Bihar, India"
363,411,Nawada ,GovindPur ,"GovindPur , Nawada , Bihar, India"
364,412,Nawada ,Hisua ,"Hisua , Nawada , Bihar, India"
365,413,Nawada ,Kasichak ,"Kasichak , Nawada , Bihar, India"
366,414,Nawada ,Kawakol ,"Kawakol , Nawada , Bihar, India"
367,415,Nawada ,Meskour ,"Meskour , Nawada , Bihar, India"
368,416,Nawada ,Nardiganj ,"Nardiganj , Nawada , Bihar, India"
369,417,Nawada ,Narhat ,"Narhat , Nawada , Bihar, India"
370,418,Nawada ,Nawada Sadar Hospital ,"Nawada Sadar Hospital , Nawada , Bihar, India"
371,419,Nawada ,Sadar Block ,"Sadar Block , Nawada , Bihar, India"
372,420,Nawada ,Pakribrawan ,"Pakribrawan , Nawada , Bihar, India"
373,421,Nawada ,Rajauli ,"Rajauli , Nawada , Bihar, India"
374,422,Nawada ,Roh ,"Roh , Nawada , Bihar, India"
375,423,Nawada ,Sirdala ,"Sirdala , Nawada , Bihar, India"
376,424,Nawada ,Warisaliganj ,"Warisaliganj , Nawada , Bihar, India"
377,425,Patna ,Athmalgola ,"Athmalgola , Patna , Bihar, India"
378,426,Patna ,Bakhtiyarpur ,"Bakhtiyarpur , Patna , Bihar, India"
379,427,Patna ,Barh ,"Barh , Patna , Bihar, India"
380,428,Patna ,Belchi ,"Belchi , Patna , Bihar, India"
381,429,Patna ,Bihta ,"Bihta , Patna , Bihar, India"
382,430,Patna ,Bikram ,"Bikram , Patna , Bihar, India"
383,431,Patna ,Danapur ,"Danapur , Patna , Bihar, India"
384,432,Patna ,Daniyawan ,"Daniyawan , Patna , Bihar, India"
385,433,Patna ,Dhanarua ,"Dhanarua , Patna , Bihar, India"
386,434,Patna ,Dulhinbazar ,"Dulhinbazar , Patna , Bihar, India"
387,435,Patna ,Fatuha ,"Fatuha , Patna , Bihar, India"
388,436,Patna ,Gardanibagh ,"Gardanibagh , Patna , Bihar, India"
389,437,Patna ,GGS Patna City ,"GGS Patna City , Patna , Bihar, India"
390,438,Patna ,Ghoswari ,"Ghoswari , Patna , Bihar, India"
391,439,Patna ,Gulzarbagh Dispensary ,"Gulzarbagh Dispensary , Patna , Bihar, India"
392,440,Patna ,Jai Prabha ,"Jai Prabha , Patna , Bihar, India"
393,441,Patna ,Kankarbagh Dispensary ,"Kankarbagh Dispensary , Patna , Bihar, India"
394,442,Patna ,Khushrupur ,"Khushrupur , Patna , Bihar, India"
395,443,Patna ,Maner ,"Maner , Patna , Bihar, India"
396,444,Patna ,Marufganj Dispensary ,"Marufganj Dispensary , Patna , Bihar, India"
397,445,Patna ,Masaurhi ,"Masaurhi , Patna , Bihar, India"
398,446,Patna ,Mokama ,"Mokama , Patna , Bihar, India"
399,447,Patna ,Naubatpur ,"Naubatpur , Patna , Bihar, India"
400,448,Patna ,New Gardiner Road ,"New Gardiner Road , Patna , Bihar, India"
401,449,Patna ,Paliganj ,"Paliganj , Patna , Bihar, India"
402,450,Patna ,Pandarak ,"Pandarak , Patna , Bihar, India"
403,451,Patna ,NMCH,"NMCH, Patna , Bihar, India"
404,452,Patna ,PMCH,"PMCH, Patna , Bihar, India"
405,453,Patna ,Patna Sadar ,"Patna Sadar , Patna , Bihar, India"
406,454,Patna ,Phulwarisharif ,"Phulwarisharif , Patna , Bihar, India"
407,455,Patna ,Punpun ,"Punpun , Patna , Bihar, India"
408,456,Patna ,Rajbanshi Nagar ,"Rajbanshi Nagar , Patna , Bihar, India"
409,457,Patna ,Rajendra Nagar ,"Rajendra Nagar , Patna , Bihar, India"
410,458,Patna ,Sampatchak ,"Sampatchak , Patna , Bihar, India"
411,459,Patna ,Barh ,"Barh , Patna , Bihar, India"
412,460,Patna ,Danapur ,"Danapur , Patna , Bihar, India"
413,461,Patna ,Masaurhi ,"Masaurhi , Patna , Bihar, India"
414,462,Purnia ,Amour Referral Hospital,"Amour Referral Hospital, Purnia , Bihar, India"
415,463,Purnia ,Baisa ,"Baisa , Purnia , Bihar, India"
416,464,Purnia ,Baisee ,"Baisee , Purnia , Bihar, India"
417,465,Purnia ,Banmankhi ,"Banmankhi , Purnia , Bihar, India"
418,466,Purnia ,Barhara Kothi ,"Barhara Kothi , Purnia , Bihar, India"
419,467,Purnia ,Bhawanipur ,"Bhawanipur , Purnia , Bihar, India"
420,468,Purnia ,Dagarua ,"Dagarua , Purnia , Bihar, India"
421,469,Purnia ,Dhamdaha Referral Hospital,"Dhamdaha Referral Hospital, Purnia , Bihar, India"
422,470,Purnia ,Jalalgarh ,"Jalalgarh , Purnia , Bihar, India"
423,471,Purnia ,Jankinagar ,"Jankinagar , Purnia , Bihar, India"
424,472,Purnia ,Kasba ,"Kasba , Purnia , Bihar, India"
425,473,Purnia ,Krityanand Nagar ,"Krityanand Nagar , Purnia , Bihar, India"
426,474,Purnia ,Mohanpur ,"Mohanpur , Purnia , Bihar, India"
427,475,Purnia ,Sadar Hospital ,"Sadar Hospital , Purnia , Bihar, India"
428,476,Purnia ,Purnia East  ,"Purnia East  , Purnia , Bihar, India"
429,477,Purnia ,Purnia East  ,"Purnia East  , Purnia , Bihar, India"
430,478,Purnia ,Rupauli Referral Hospital,"Rupauli Referral Hospital, Purnia , Bihar, India"
431,479,Purnia ,Sarsi ,"Sarsi , Purnia , Bihar, India"
432,480,Purnia ,Shrinagar ,"Shrinagar , Purnia , Bihar, India"
433,481,Rohtas ,Akori Gola ,"Akori Gola , Rohtas , Bihar, India"
434,482,Rohtas ,Bikramganj ,"Bikramganj , Rohtas , Bihar, India"
435,483,Rohtas ,Chenari ,"Chenari , Rohtas , Bihar, India"
436,484,Rohtas ,Dawath ,"Dawath , Rohtas , Bihar, India"
437,485,Rohtas ,Dehri ,"Dehri , Rohtas , Bihar, India"
438,486,Rohtas ,Dinara ,"Dinara , Rohtas , Bihar, India"
439,487,Rohtas ,Karakat ,"Karakat , Rohtas , Bihar, India"
440,488,Rohtas ,Kargahar ,"Kargahar , Rohtas , Bihar, India"
441,489,Rohtas ,Kochas ,"Kochas , Rohtas , Bihar, India"
442,490,Rohtas ,Nasriganj ,"Nasriganj , Rohtas , Bihar, India"
443,491,Rohtas ,Nauhatta ,"Nauhatta , Rohtas , Bihar, India"
444,492,Rohtas ,Nokha ,"Nokha , Rohtas , Bihar, India"
445,493,Rohtas ,Rajpur ,"Rajpur , Rohtas , Bihar, India"
446,494,Rohtas ,Rohtas ,"Rohtas , Rohtas , Bihar, India"
447,495,Rohtas ,Sanjhauli ,"Sanjhauli , Rohtas , Bihar, India"
448,496,Rohtas ,Sasaram ,"Sasaram , Rohtas , Bihar, India"
449,497,Rohtas ,Sheosagar ,"Sheosagar , Rohtas , Bihar, India"
450,498,Rohtas ,Suryapura ,"Suryapura , Rohtas , Bihar, India"
451,499,Rohtas ,Tilouthu ,"Tilouthu , Rohtas , Bihar, India"
452,500,Saharsa ,Banma Itahari ,"Banma Itahari , Saharsa , Bihar, India"
453,501,Saharsa ,Saharsa Sadar ,"Saharsa Sadar , Saharsa , Bihar, India"
454,502,Saharsa ,Mahishi ,"Mahishi , Saharsa , Bihar, India"
455,503,Saharsa ,Nauhatta ,"Nauhatta , Saharsa , Bihar, India"
456,504,Saharsa ,Panchgachhiya ,"Panchgachhiya , Saharsa , Bihar, India"
457,505,Saharsa ,Patarghat ,"Patarghat , Saharsa , Bihar, India"
458,506,Saharsa ,Saharsa  ,"Saharsa  , Saharsa , Bihar, India"
459,507,Saharsa ,Salkhua ,"Salkhua , Saharsa , Bihar, India"
460,508,Saharsa ,Simari Bakhtiyarpur ,"Simari Bakhtiyarpur , Saharsa , Bihar, India"
461,509,Saharsa ,Sonbarsa ,"Sonbarsa , Saharsa , Bihar, India"
462,510,Saharsa ,Sourbazar ,"Sourbazar , Saharsa , Bihar, India"
463,511,Samastipur ,Bibhutipur ,"Bibhutipur , Samastipur , Bihar, India"
464,512,Samastipur ,Bithan ,"Bithan , Samastipur , Bihar, India"
465,513,Samastipur ,Dalsinghsarai ,"Dalsinghsarai , Samastipur , Bihar, India"
466,514,Samastipur ,Hasanpur ,"Hasanpur , Samastipur , Bihar, India"
467,515,Samastipur ,Kalyanpur ,"Kalyanpur , Samastipur , Bihar, India"
468,516,Samastipur ,Khanpur ,"Khanpur , Samastipur , Bihar, India"
469,517,Samastipur ,Mohanpur ,"Mohanpur , Samastipur , Bihar, India"
470,518,Samastipur ,Mohauiddinagar ,"Mohauiddinagar , Samastipur , Bihar, India"
471,519,Samastipur ,Morwa ,"Morwa , Samastipur , Bihar, India"
472,520,Samastipur ,Patori ,"Patori , Samastipur , Bihar, India"
473,521,Samastipur ,Pusa ,"Pusa , Samastipur , Bihar, India"
474,522,Samastipur ,Rosera ,"Rosera , Samastipur , Bihar, India"
475,523,Samastipur ,Samastipur ,"Samastipur , Samastipur , Bihar, India"
476,524,Samastipur ,Samastipur ,"Samastipur , Samastipur , Bihar, India"
477,525,Samastipur ,Sarairanjan ,"Sarairanjan , Samastipur , Bihar, India"
478,526,Samastipur ,Shivajinagar ,"Shivajinagar , Samastipur , Bihar, India"
479,527,Samastipur ,Singhia ,"Singhia , Samastipur , Bihar, India"
480,528,Samastipur ,Tajpur ,"Tajpur , Samastipur , Bihar, India"
481,529,Samastipur ,Ujiarpur ,"Ujiarpur , Samastipur , Bihar, India"
482,530,Samastipur ,Vidyapatinagar ,"Vidyapatinagar , Samastipur , Bihar, India"
483,531,Samastipur ,Warishnagar ,"Warishnagar , Samastipur , Bihar, India"
484,532,Saran ,Amnour ,"Amnour , Saran , Bihar, India"
485,533,Saran ,Baniyapur Referal Hospital ,"Baniyapur Referal Hospital , Saran , Bihar, India"
486,534,Saran ,Dariyapur ,"Dariyapur , Saran , Bihar, India"
487,535,Saran ,Dighwara ,"Dighwara , Saran , Bihar, India"
488,536,Saran ,Ekma ,"Ekma , Saran , Bihar, India"
489,537,Saran ,Garkha ,"Garkha , Saran , Bihar, India"
490,538,Saran ,Isuwapur ,"Isuwapur , Saran , Bihar, India"
491,539,Saran ,Jalalpur ,"Jalalpur , Saran , Bihar, India"
492,540,Saran ,Lahladpur ,"Lahladpur , Saran , Bihar, India"
493,541,Saran ,Maker ,"Maker , Saran , Bihar, India"
494,542,Saran ,Manjhi ,"Manjhi , Saran , Bihar, India"
495,543,Saran ,Marhaura ,"Marhaura , Saran , Bihar, India"
496,544,Saran ,Mashrakh ,"Mashrakh , Saran , Bihar, India"
497,545,Saran ,Nagra ,"Nagra , Saran , Bihar, India"
498,546,Saran ,Panapur ,"Panapur , Saran , Bihar, India"
499,547,Saran ,Parsa ,"Parsa , Saran , Bihar, India"
500,548,Saran ,Revilgang ,"Revilgang , Saran , Bihar, India"
501,549,Saran ,Sadar Block ,"Sadar Block , Saran , Bihar, India"
502,550,Saran ,Sadar Hospital Saran ,"Sadar Hospital Saran , Saran , Bihar, India"
503,551,Saran ,Sonpur ,"Sonpur , Saran , Bihar, India"
504,552,Saran ,Taraiya ,"Taraiya , Saran , Bihar, India"
505,553,Sheikhpura ,Barbigha ,"Barbigha , Sheikhpura , Bihar, India"
506,554,Sheikhpura ,Chewara ,"Chewara , Sheikhpura , Bihar, India"
507,555,Sheikhpura ,Ghatkumbha ,"Ghatkumbha , Sheikhpura , Bihar, India"
508,556,Sheikhpura ,Ariyari ,"Ariyari , Sheikhpura , Bihar, India"
509,557,Sheikhpura ,Sekhopursarai ,"Sekhopursarai , Sheikhpura , Bihar, India"
510,558,Sheikhpura ,Seikhpura ,"Seikhpura , Sheikhpura , Bihar, India"
511,559,Sheikhpura ,Sheikhpura ,"Sheikhpura , Sheikhpura , Bihar, India"
512,560,Sheohar ,Dumri Katsari ,"Dumri Katsari , Sheohar , Bihar, India"
513,561,Sheohar ,Sheohar Sadar ,"Sheohar Sadar , Sheohar , Bihar, India"
514,562,Sheohar ,Piprahi ,"Piprahi , Sheohar , Bihar, India"
515,563,Sheohar ,Purnahiya ,"Purnahiya , Sheohar , Bihar, India"
516,564,Sheohar ,Sheohar ,"Sheohar , Sheohar , Bihar, India"
517,565,Sheohar ,Tariyani ,"Tariyani , Sheohar , Bihar, India"
518,566,Sitamarhi ,Bairginiya ,"Bairginiya , Sitamarhi , Bihar, India"
519,567,Sitamarhi ,Bangaon ,"Bangaon , Sitamarhi , Bihar, India"
520,568,Sitamarhi ,Bathnaha ,"Bathnaha , Sitamarhi , Bihar, India"
521,569,Sitamarhi ,Belsand ,"Belsand , Sitamarhi , Bihar, India"
522,570,Sitamarhi ,Bokhara ,"Bokhara , Sitamarhi , Bihar, India"
523,571,Sitamarhi ,Choraut ,"Choraut , Sitamarhi , Bihar, India"
524,572,Sitamarhi ,Dumra ,"Dumra , Sitamarhi , Bihar, India"
525,573,Sitamarhi ,Mejorganj ,"Mejorganj , Sitamarhi , Bihar, India"
526,574,Sitamarhi ,Nanpur ,"Nanpur , Sitamarhi , Bihar, India"
527,575,Sitamarhi ,Parihar ,"Parihar , Sitamarhi , Bihar, India"
528,576,Sitamarhi ,Parsauni ,"Parsauni , Sitamarhi , Bihar, India"
529,577,Sitamarhi ,Pupri ,"Pupri , Sitamarhi , Bihar, India"
530,578,Sitamarhi ,Riga ,"Riga , Sitamarhi , Bihar, India"
531,579,Sitamarhi ,Runnisaidpur ,"Runnisaidpur , Sitamarhi , Bihar, India"
532,580,Sitamarhi ,Sitamarhi ,"Sitamarhi , Sitamarhi , Bihar, India"
533,581,Sitamarhi ,Sonbarsa ,"Sonbarsa , Sitamarhi , Bihar, India"
534,582,Sitamarhi ,Suppi ,"Suppi , Sitamarhi , Bihar, India"
535,583,Sitamarhi ,Sursand ,"Sursand , Sitamarhi , Bihar, India"
536,584,Siwan ,Andar ,"Andar , Siwan , Bihar, India"
537,585,Siwan ,Barharya ,"Barharya , Siwan , Bihar, India"
538,586,Siwan ,Basantpur ,"Basantpur , Siwan , Bihar, India"
539,587,Siwan ,Bhagwanpur ,"Bhagwanpur , Siwan , Bihar, India"
540,588,Siwan ,Darauli ,"Darauli , Siwan , Bihar, India"
541,589,Siwan ,Daraunda ,"Daraunda , Siwan , Bihar, India"
542,590,Siwan ,Goriyakothi ,"Goriyakothi , Siwan , Bihar, India"
543,591,Siwan ,Guthani ,"Guthani , Siwan , Bihar, India"
544,592,Siwan ,Hasanpur ,"Hasanpur , Siwan , Bihar, India"
545,593,Siwan ,Hussainganj ,"Hussainganj , Siwan , Bihar, India"
546,594,Siwan ,Jeeradei ,"Jeeradei , Siwan , Bihar, India"
547,595,Siwan ,Lakarinabiganj ,"Lakarinabiganj , Siwan , Bihar, India"
548,596,Siwan ,Maharajganj ,"Maharajganj , Siwan , Bihar, India"
549,597,Siwan ,Mairwa ,"Mairwa , Siwan , Bihar, India"
550,598,Siwan ,Nautan ,"Nautan , Siwan , Bihar, India"
551,599,Siwan ,Pachrukhi ,"Pachrukhi , Siwan , Bihar, India"
552,600,Siwan ,Raghunathpur ,"Raghunathpur , Siwan , Bihar, India"
553,601,Siwan ,Siswan ,"Siswan , Siwan , Bihar, India"
554,602,Siwan ,Sadar Block ,"Sadar Block , Siwan , Bihar, India"
555,603,Siwan ,Siwan Sadar Hospital ,"Siwan Sadar Hospital , Siwan , Bihar, India"
556,604,Supaul ,Balua Bazar ,"Balua Bazar , Supaul , Bihar, India"
557,605,Supaul ,Basantpur ,"Basantpur , Supaul , Bihar, India"
558,606,Supaul ,Chattapur ,"Chattapur , Supaul , Bihar, India"
559,607,Supaul ,Kishanpur ,"Kishanpur , Supaul , Bihar, India"
560,608,Supaul ,Kunauli ,"Kunauli , Supaul , Bihar, India"
561,609,Supaul ,Marauna ,"Marauna , Supaul , Bihar, India"
562,610,Supaul ,Nirmali ,"Nirmali , Supaul , Bihar, India"
563,611,Supaul ,Pipra ,"Pipra , Supaul , Bihar, India"
564,612,Supaul ,Pratapganj ,"Pratapganj , Supaul , Bihar, India"
565,613,Supaul ,Raghopur ,"Raghopur , Supaul , Bihar, India"
566,614,Supaul ,S. Bhaptiyahe ,"S. Bhaptiyahe , Supaul , Bihar, India"
567,615,Supaul ,Sadar Block Supaul ,"Sadar Block Supaul , Supaul , Bihar, India"
568,616,Supaul ,Triveniganj ,"Triveniganj , Supaul , Bihar, India"
569,617,Vaishali ,Bhagwanpur ,"Bhagwanpur , Vaishali , Bihar, India"
570,618,Vaishali ,Bidupur ,"Bidupur , Vaishali , Bihar, India"
571,619,Vaishali ,Chehra Kala ,"Chehra Kala , Vaishali , Bihar, India"
572,620,Vaishali ,Desri ,"Desri , Vaishali , Bihar, India"
573,621,Vaishali ,Goraul ,"Goraul , Vaishali , Bihar, India"
574,622,Vaishali ,Hajipur ,"Hajipur , Vaishali , Bihar, India"
575,623,Vaishali ,Hajipur ,"Hajipur , Vaishali , Bihar, India"
576,624,Vaishali ,Jandaha ,"Jandaha , Vaishali , Bihar, India"
577,625,Vaishali ,LALGANJ ,"LALGANJ , Vaishali , Bihar, India"
578,626,Vaishali ,Mahnar ,"Mahnar , Vaishali , Bihar, India"
579,627,Vaishali ,Mahua ,"Mahua , Vaishali , Bihar, India"
580,628,Vaishali ,Patepur ,"Patepur , Vaishali , Bihar, India"
581,629,Vaishali ,Paterhi Belsar ,"Paterhi Belsar , Vaishali , Bihar, India"
582,630,Vaishali ,Raghopur Referal Hospital,"Raghopur Referal Hospital, Vaishali , Bihar, India"
583,631,Vaishali ,Rajapakar ,"Rajapakar , Vaishali , Bihar, India"
584,632,Vaishali ,Sahdai Buzurg ,"Sahdai Buzurg , Vaishali , Bihar, India"
585,633,Vaishali ,Vaishali ,"Vaishali , Vaishali , Bihar, India"
586,634,West Champaran ,Bagaha ,"Bagaha , West Champaran , Bihar, India"
587,635,West Champaran ,Bagaha ,"Bagaha , West Champaran , Bihar, India"
588,636,West Champaran ,Bairiya ,"Bairiya , West Champaran , Bihar, India"
589,637,West Champaran ,Bakhari ,"Bakhari , West Champaran , Bihar, India"
590,638,West Champaran ,Balmiki Nagar ,"Balmiki Nagar , West Champaran , Bihar, India"
591,639,West Champaran ,Bettiah ,"Bettiah , West Champaran , Bihar, India"
592,640,West Champaran ,Bhitaha ,"Bhitaha , West Champaran , Bihar, India"
593,641,West Champaran ,Chanpatia ,"Chanpatia , West Champaran , Bihar, India"
594,642,West Champaran ,Madhubani ,"Madhubani , West Champaran , Bihar, India"
595,643,West Champaran ,Gaunaha ,"Gaunaha , West Champaran , Bihar, India"
596,644,West Champaran ,Harnatarh ,"Harnatarh , West Champaran , Bihar, India"
597,645,West Champaran ,Jogapatti ,"Jogapatti , West Champaran , Bihar, India"
598,646,West Champaran ,Lauriya ,"Lauriya , West Champaran , Bihar, India"
599,647,West Champaran ,Mainatarh ,"Mainatarh , West Champaran , Bihar, India"
600,648,West Champaran ,Majhauliya ,"Majhauliya , West Champaran , Bihar, India"
601,649,West Champaran ,Narkatiyaganj ,"Narkatiyaganj , West Champaran , Bihar, India"
602,650,West Champaran ,Nautan ,"Nautan , West Champaran , Bihar, India"
603,651,West Champaran ,Piprashi ,"Piprashi , West Champaran , Bihar, India"
604,652,West Champaran ,Ram Nagar ,"Ram Nagar , West Champaran , Bihar, India"
605,653,West Champaran ,Sikta ,"Sikta , West Champaran , Bihar, India"
606,654,West Champaran ,Thakraha ,"Thakraha , West Champaran , Bihar, India"
